date,SHOW,LIFT,SWET,KINX,VTOT,CAPE,CINS,CINV,EQLV,EQTV,LFCT,LFCV,BRCH,LCLT,LCLP,MLTH,THTK,PWAT,sin_month,cos_month,WS850,WDsin850,WDcos850,WS700,WS200,VWS,VWS_lo,RF_phuket,RF_krabi,RF_phangnga,year,month
2011-08-11,0.71,-1.27,201.81,31.6,24.7,96.22,-183.64,-134.45,432.48,429.0,620.92,651.63,4.95,292.7,939.09,298.02,5767.0,52.72,-0.866,-0.5,4.809,-0.9981,-0.0624,4.219,17.224,21.692,2.508,0.0,0.0,0.0,2011,8
2011-08-14,1.79,-0.37,185.0,32.4,21.7,99.88,-34.9,-29.38,412.36,404.67,853.72,864.1,80.56,292.41,926.92,298.84,5748.0,54.7,-0.866,-0.5,2.921,-0.7874,-0.6162,3.65,10.402,12.857,9.285,0.0,0.0,0.0,2011,8
2011-08-17,1.08,-2.4,191.8,32.9,23.3,869.69,-33.93,-25.31,173.69,173.6,845.6,875.0,25.2,294.65,952.11,298.83,5766.0,58.4,-0.866,-0.5,5.964,-0.5701,-0.8216,4.808,11.841,16.872,5.825,3.0048283024968585,10.954917220179938,3.5983834003020547,2011,8
2011-08-19,-1.68,-5.18,204.39,37.4,24.7,1334.04,-5.38,-3.73,169.98,168.94,912.84,925.39,67.11,295.04,942.49,300.09,5758.0,58.77,-0.866,-0.5,5.217,-0.9776,-0.2109,2.302,14.339,19.282,12.06,32.52583789456091,9.262949779828451,1.458618200400722,2011,8
2011-08-20,-1.96,-1.78,235.99,37.3,23.5,626.26,-66.45,-42.24,194.08,193.17,772.5,794.64,136.63,293.96,940.82,299.15,5756.0,54.98,-0.866,-0.5,5.547,-0.8834,-0.4687,1.556,16.617,22.02,10.317,0.0,0.0,0.0,2011,8
2011-08-21,1.95,-1.27,173.38,31.8,24.3,257.48,-136.17,-96.49,310.73,309.46,715.44,731.91,36.06,293.44,945.58,298.2,5766.0,53.39,-0.866,-0.5,4.562,-0.4384,-0.8987,3.547,14.425,17.847,8.095,0.0,0.0,0.0,2011,8
2011-08-22,2.91,0.06,163.61,32.7,23.5,10.13,-133.44,-108.56,461.25,459.6,693.95,700.89,0.17,291.24,904.38,299.74,5774.0,52.89,-0.866,-0.5,2.502,-0.9992,-0.04,0.632,12.816,15.255,7.101,7.305187978064733,0.0,0.0,2011,8
2011-08-23,1.94,-2.71,188.41,32.2,22.9,725.51,-6.78,-2.24,204.68,204.42,870.43,931.89,474.48,295.13,959.82,298.62,5765.0,55.31,-0.866,-0.5,4.272,-0.8427,0.5384,3.712,11.014,13.992,10.197,0.0,0.0,0.0,2011,8
2011-08-26,1.45,-1.95,220.8,32.0,23.3,229.03,-10.21,-4.23,228.68,228.49,887.93,904.09,16.06,293.06,921.18,300.04,5771.0,54.82,-0.866,-0.5,13.596,-0.8973,0.4413,10.898,14.182,23.555,11.625,0.0,0.0,0.0,2011,8
2011-08-27,1.97,0.69,242.39,33.4,21.9,0.14,-56.7,-51.39,557.19,554.49,802.11,813.7,0.0,291.94,931.95,297.91,5757.0,58.14,-0.866,-0.5,13.462,-0.9731,0.2303,9.381,12.021,21.251,6.407,0.0,0.0,0.0,2011,8
2011-08-31,4.77,2.36,221.99,27.3,18.8,0.0,-55.56,-45.38,805.63,598.9,811.85,830.09,0.0,294.72,934.68,300.48,5840.0,64.2,-0.866,-0.5,7.43,-0.8748,-0.4845,5.831,18.224,25.592,5.831,1.0627167800918866,9.800700215844165,0.6831987070654664,2011,8
2011-09-01,1.95,-3.87,197.8,26.1,22.7,1502.53,-18.87,-11.01,149.83,149.83,888.92,905.0,144.8,295.65,950.55,299.98,5772.0,51.25,-1.0,-0.0,6.66,-0.7508,-0.6607,7.212,23.901,30.237,8.45,1.9300928424984616,0.0,8.286752603954934,2011,9
2011-09-02,1.86,-0.02,188.8,25.7,24.3,6.02,-239.69,-134.12,467.76,464.41,571.25,769.45,0.28,292.45,936.93,297.98,5767.0,46.79,-1.0,-0.0,6.866,-0.9758,-0.2185,6.129,21.333,28.034,4.682,0.0,0.0,0.0,2011,9
2011-09-03,3.71,-2.28,166.98,29.5,23.5,731.22,-39.6,-11.78,204.35,204.05,804.33,861.64,111.95,293.8,928.25,300.13,5763.0,51.14,-1.0,-0.0,5.808,-0.9986,-0.0517,6.435,18.06,23.373,5.004,12.3773479094909,9.61287177192554,2.01289007924824,2011,9
2011-09-04,2.4,2.07,244.6,34.5,19.7,4.29,-12.81,-13.62,768.07,769.41,874.77,875.9,0.09,292.23,948.56,296.7,5746.0,61.59,-1.0,-0.0,9.815,-0.9883,-0.1528,4.455,19.988,29.764,10.5,10.179235069326337,0.5207134661438572,13.081308733396288,2011,9
2011-09-07,3.38,-1.75,169.6,26.7,23.9,267.04,-69.05,-16.17,259.23,259.01,713.18,807.79,407.57,293.17,930.68,299.26,5763.0,46.49,-1.0,-0.0,5.224,-0.9954,-0.0957,1.789,14.123,19.334,10.112,0.0,0.0,0.0,2011,9
2011-09-08,1.57,0.92,216.59,32.2,22.9,0.8,-205.21,-174.11,540.32,521.51,584.54,615.79,1.91,291.78,925.18,298.36,5766.0,53.7,-1.0,-0.0,10.406,-0.9418,-0.3363,5.209,18.162,28.561,11.421,0.0,0.0,4.520299613481599,2011,9
2011-09-13,4.61,0.1,202.79,27.7,23.3,42.23,-243.28,-91.5,397.36,394.0,541.64,806.57,0.95,293.91,960.6,297.33,5787.0,53.9,-1.0,-0.0,12.297,-0.8539,-0.5205,8.006,18.66,30.739,14.165,0.0,0.0,0.0,2011,9
2011-09-16,2.26,-2.31,210.0,32.3,22.5,1003.59,-1.86,-0.61,143.55,143.42,934.16,943.2,25.61,295.15,953.63,299.2,5767.0,51.94,-1.0,-0.0,6.297,-0.9846,0.1747,3.86,21.676,27.459,11.5,1.6052139964102752,0.0,21.384577975084557,2011,9
2011-09-18,-0.2,-5.3,231.01,34.3,23.9,1981.44,0.0,0.0,135.33,135.31,953.77,958.26,5466.79,296.27,960.15,299.74,5772.0,59.27,-1.0,-0.0,12.16,-0.9786,0.2056,6.862,17.935,29.702,14.2,3.904485773006051,0.42330541346921113,3.308952666387415,2011,9
2011-09-19,-1.51,-3.55,254.4,36.8,22.9,795.19,-7.3,-8.7,196.32,196.35,930.63,930.59,14.55,295.56,974.35,297.78,5757.0,64.67,-1.0,-0.0,12.404,-0.9997,0.0242,7.94,16.08,28.43,15.816,0.9827324815055255,0.7648468528422775,12.550825697201992,2011,9
2011-09-20,2.1,-3.12,216.79,31.8,23.1,658.02,-4.47,-0.17,205.64,205.55,896.87,925.05,644.16,293.75,932.94,299.64,5747.0,52.01,-1.0,-0.0,12.027,-0.9978,0.0665,4.9,22.402,33.734,13.577,0.0,0.0,0.0,2011,9
2011-09-22,1.08,-1.11,223.81,26.6,22.7,109.52,-51.69,-47.07,357.7,356.18,844.24,854.21,22.46,293.05,941.2,298.19,5757.0,53.11,-1.0,-0.0,11.498,-0.9915,-0.1305,10.14,16.056,27.515,10.402,1.4793977952944712,1.5822981225859438,18.973339600472872,2011,9
2011-09-24,2.18,-0.94,192.61,32.8,25.1,71.12,-128.65,-101.04,435.29,432.15,723.08,765.91,1.48,291.83,928.53,298.09,5749.0,50.06,-1.0,-0.0,8.628,-0.9968,0.0811,9.339,19.809,27.331,2.025,0.0,0.0,0.0,2011,9
2011-09-27,1.5,-2.31,233.79,35.3,21.3,732.7,-3.36,-1.12,208.47,208.04,920.81,933.78,65.79,294.25,946.27,298.94,5741.0,59.36,-1.0,-0.0,11.607,-0.9994,0.0345,9.413,12.107,23.713,8.355,0.0,0.0,0.0,2011,9
2012-01-16,0.32,-2.48,208.41,36.8,22.1,1246.39,-7.33,-5.07,144.1,143.58,902.71,915.55,51.91,295.83,969.36,298.49,5774.0,61.9,0.5,0.866,2.484,-0.6441,-0.7649,1.97,4.518,4.254,2.907,4.304193778087719,6.578423544624503,1.1829880385726927,2012,1
2012-01-18,-0.16,-3.4,203.59,38.5,23.5,1694.13,-5.48,-2.19,130.44,130.38,886.72,927.36,803.77,295.89,961.99,299.2,5778.0,62.65,0.5,0.866,0.86,-0.5814,-0.814,2.602,5.557,5.701,3.864,7.193304134076542,7.455563874122553,10.369481639582135,2012,1
2012-02-17,-4.29,-5.74,258.41,42.4,24.7,2885.41,-1.0,-1.2,122.55,122.59,937.6,937.57,887.26,297.19,978.12,299.09,5783.0,69.87,0.866,0.5,7.697,0.9094,-0.4157,5.292,12.532,6.259,5.622,15.170333959932039,15.663433117794705,2.5278141990840197,2012,2
2012-02-18,-0.28,-0.44,204.01,37.0,23.5,79.38,-107.3,-92.84,360.19,354.78,744.14,758.53,38.9,293.06,949.24,297.49,5757.0,55.78,0.866,0.5,1.221,0.819,0.5733,4.23,15.121,14.799,4.205,6.796345753100311,4.9034265806113755,0.46113108744047915,2012,2
2012-02-19,-0.39,-0.73,206.18,37.2,23.1,134.1,-59.38,-54.19,416.14,418.27,791.78,800.05,33.96,293.39,959.56,296.9,5746.0,59.23,0.866,0.5,6.135,0.9454,0.326,4.817,10.538,9.473,1.265,11.211531086663452,2.484459132174097,11.141812595261765,2012,2
2012-02-20,-0.51,-3.42,213.59,36.8,22.1,1447.53,-0.16,-0.02,153.27,153.19,949.14,953.44,187.2,295.57,970.04,298.17,5754.0,60.87,0.866,0.5,5.557,0.8638,0.5039,2.625,10.539,11.643,5.247,5.2064229258999575,3.29476327032543,0.4326528492002074,2012,2
2012-02-21,1.76,-1.6,192.01,25.4,22.9,469.56,-44.61,-27.27,169.45,167.47,813.15,856.33,4.39,294.32,953.4,298.39,5775.0,48.61,0.866,0.5,4.4,1.0,-0.0,4.73,12.51,10.771,6.129,0.46075224522435787,0.0,0.0,2012,2
2012-02-22,1.3,-2.37,207.18,26.4,23.3,1130.49,-111.59,-18.41,144.49,144.5,682.66,850.96,117.59,294.28,929.39,300.52,5794.0,46.96,0.866,0.5,5.263,0.969,0.247,5.371,9.231,8.438,8.596,0.0,0.0,1.4398204610380982,2012,2
2012-02-23,2.59,-0.81,191.6,26.1,24.3,96.75,-263.8,-152.54,275.3,273.16,526.89,543.96,11.84,292.51,919.1,299.66,5786.0,44.16,0.866,0.5,6.218,0.8845,-0.4664,7.539,9.314,3.536,3.202,0.0,0.0,0.0,2012,2
2012-02-24,-1.83,-4.74,235.97,39.4,23.7,2711.71,0.0,0.0,116.45,116.16,964.49,966.03,131.56,297.36,975.8,299.47,5784.0,62.19,0.866,0.5,3.722,0.9941,-0.1075,2.452,10.242,6.736,10.856,7.424832255182229,0.8821712993616561,0.30597139167031046,2012,2
2012-02-26,4.1,-2.94,171.81,20.5,25.1,818.68,-54.83,-32.26,177.19,175.65,812.33,829.95,27.69,294.77,946.31,299.47,5784.0,49.24,0.866,0.5,5.532,0.7592,-0.6508,8.86,9.231,3.891,8.591,36.54297423122829,2.9351900867893193,0.5886353437833459,2012,2
2012-02-28,0.33,-1.85,221.59,26.9,22.1,1152.33,-16.34,-11.49,141.83,141.68,881.19,892.7,7787.62,294.42,938.54,299.82,5771.0,49.27,0.866,0.5,3.766,0.9825,-0.1859,3.048,2.648,1.118,6.239,0.0,0.0,0.0,2012,2
2012-02-29,2.01,-2.22,189.59,31.3,23.5,704.32,-32.8,-18.14,181.45,181.4,824.8,875.53,1.88,294.19,943.06,299.18,5754.0,50.8,0.866,0.5,1.513,0.9914,0.1322,6.612,9.69,9.192,5.77,0.0,0.0,0.0,2012,2
2012-03-01,-2.45,-3.97,214.41,25.1,24.9,991.77,-56.33,-12.93,191.22,190.77,738.56,880.57,518.12,294.71,944.17,299.6,5763.0,46.71,1.0,0.0,6.612,0.9982,-0.0605,8.367,9.831,6.703,3.734,0.0,0.0,0.0,2012,3
2012-03-03,1.94,-1.42,217.39,31.1,23.9,756.26,-89.85,-46.6,144.43,144.37,755.49,777.87,178.75,294.0,934.43,299.76,5784.0,50.12,1.0,0.0,6.412,0.9981,-0.0624,9.92,5.903,2.46,5.415,6.25673701872061,0.0,0.8485995310555037,2012,3
2012-03-04,-0.86,-0.98,234.4,32.3,23.1,184.37,-79.86,-65.97,285.39,285.14,757.66,764.51,10.95,294.68,969.99,297.27,5777.0,58.54,1.0,0.0,5.977,0.9537,-0.3012,6.03,10.993,5.054,4.438,5.271866091096156,3.571133079003302,1.0595493511527914,2012,3
2012-03-05,1.28,-0.29,190.01,33.9,22.9,35.65,-159.5,-114.61,377.78,376.95,599.82,616.92,3.41,292.75,933.62,298.57,5778.0,53.23,1.0,0.0,4.258,0.9864,0.1644,6.701,14.368,10.689,1.005,8.097285517156989,0.1270680170638704,4.278070368254545,2012,3
2012-03-06,-1.36,-3.22,233.61,40.0,22.7,2035.22,-6.58,-4.57,114.99,114.83,905.4,924.39,457.66,296.41,965.5,299.41,5777.0,63.09,1.0,0.0,0.316,-0.3165,0.9493,1.4,16.042,16.305,3.324,14.1683617366711,2.8309377012257992,0.4731710581097395,2012,3
2012-03-08,1.5,-0.93,213.01,32.0,21.9,159.09,-38.25,-31.42,311.28,309.66,857.1,866.24,17.25,293.47,935.27,299.15,5773.0,54.72,1.0,0.0,1.077,0.9285,-0.3714,5.316,17.333,16.256,10.377,11.231693360850098,0.4010053722582325,15.202087151475178,2012,3
2012-03-09,0.02,-1.59,218.0,33.9,23.3,328.83,-29.9,-19.17,210.45,210.23,826.91,836.43,42.64,294.45,960.49,297.88,5774.0,59.1,1.0,0.0,2.138,-0.9822,-0.1871,3.4,15.78,17.682,10.466,10.621493128003575,6.588623725413442,15.563395543285143,2012,3
2012-03-10,-0.41,-2.75,241.81,38.0,21.7,1048.55,-14.81,-11.85,177.09,176.9,905.5,906.59,30.65,295.02,949.37,299.45,5772.0,63.77,1.0,0.0,3.517,0.2559,-0.9667,6.174,15.17,13.222,9.59,1.5001568692651326,11.95636878269749,0.5122640787401181,2012,3
2012-03-12,1.59,-0.02,247.99,29.1,23.1,133.46,-125.28,-94.26,323.58,317.12,739.14,781.28,10.35,293.19,936.61,298.74,5771.0,47.02,1.0,0.0,10.439,0.9867,-0.1629,4.535,20.957,11.14,3.102,4.263371200010032,5.096044757425578,7.810319808476478,2012,3
2012-03-13,-1.78,-3.18,256.61,37.6,23.7,1008.01,-21.99,-21.79,171.38,170.27,869.78,877.49,44.87,295.15,962.73,298.4,5766.0,55.76,1.0,0.0,7.642,0.9945,-0.1047,7.912,14.025,6.485,3.912,9.809368154041472,1.6325434123395244,0.0,2012,3
2012-03-14,0.26,-3.16,184.98,32.4,24.9,952.29,-60.37,-36.94,147.4,147.32,816.83,842.11,489.2,293.91,933.1,299.8,5772.0,49.61,1.0,0.0,4.804,0.9992,-0.0416,6.601,9.884,5.873,3.956,5.323264058934918,15.525627958805066,5.151255922698631,2012,3
2012-03-15,-1.18,-0.6,199.99,31.5,24.5,21.61,-179.06,-141.67,479.39,476.53,703.13,719.63,2.56,291.56,920.82,298.54,5757.0,45.27,1.0,0.0,4.464,0.9633,0.2688,3.106,9.443,6.671,2.927,0.0,0.0,1.8865002113447602,2012,3
2012-03-16,-2.17,-6.82,198.41,25.7,25.5,2694.08,-2.2,-1.38,126.13,126.1,935.0,939.54,1509.95,296.48,956.76,300.26,5767.0,51.63,1.0,0.0,3.206,0.9981,0.0624,6.754,11.927,9.082,3.501,0.575909948378712,0.5590771405837996,5.172648212507021,2012,3
2012-03-17,-2.26,-5.99,210.2,33.7,25.1,2260.2,-18.07,-12.14,130.18,130.14,892.43,903.81,1584.39,295.86,950.88,300.17,5764.0,53.51,1.0,0.0,2.081,0.8169,0.5766,2.47,17.007,17.363,5.315,3.0756121868175588,1.3687777453044554,12.07505299361122,2012,3
2012-03-18,0.86,-3.66,175.0,34.1,24.3,1691.65,-26.12,-14.11,133.95,134.04,841.06,866.61,566.68,295.25,950.28,299.59,5761.0,56.2,1.0,0.0,4.785,0.4389,0.8986,3.362,8.756,12.8,7.463,0.0,0.0,0.0,2012,3
2012-03-19,-1.68,-5.43,209.18,36.3,23.3,3048.47,-1.38,-0.81,134.39,134.32,941.65,945.31,196.29,296.69,958.77,300.29,5764.0,59.83,1.0,0.0,2.508,0.9171,0.3987,2.159,15.148,14.969,6.794,2.904042070384593,1.410236797898681,9.879724784277398,2012,3
2012-03-20,0.19,-4.25,190.98,31.3,24.3,1784.22,-11.62,-7.28,141.11,141.08,877.69,906.89,156.02,295.51,953.95,299.53,5762.0,49.49,1.0,0.0,2.419,0.124,-0.9921,2.751,10.599,8.353,8.668,0.0,0.0,0.0,2012,3
2012-03-21,13.94,0.59,38.01,9.9,25.3,1.74,-219.44,-109.37,617.71,471.9,635.73,726.86,0.3,291.33,915.04,298.83,5765.0,31.96,1.0,0.0,0.583,0.5146,-0.8577,2.04,6.103,5.576,8.065,0.0,0.0,0.0,2012,3
2012-03-22,10.7,-0.42,23.99,7.7,25.1,67.53,-165.37,-76.33,332.69,331.15,677.88,802.01,1.52,292.89,935.19,298.56,5755.0,31.86,1.0,0.0,3.106,-0.8371,0.5473,2.53,10.279,13.297,2.2,0.0,0.0,0.0,2012,3
2012-03-23,14.7,2.87,29.0,-2.3,22.1,52.82,-125.88,-65.0,325.0,324.56,790.51,809.27,9.98,292.43,928.13,298.75,5767.0,32.73,1.0,0.0,1.253,-0.4789,-0.8779,2.927,15.565,15.639,5.801,7.095110028346979,0.0,0.0,2012,3
2012-03-24,3.23,0.74,186.99,14.1,23.1,6.15,-127.09,-94.6,380.65,374.33,787.61,801.86,0.55,291.66,916.27,299.06,5766.0,37.93,1.0,0.0,4.272,0.3511,-0.9363,5.449,20.602,17.117,7.401,0.0,0.0,0.0,2012,3
2012-03-26,-1.17,-3.59,196.6,36.7,25.1,882.91,-79.56,-50.2,174.98,174.93,755.41,821.55,609.88,294.13,935.06,299.85,5775.0,53.46,1.0,0.0,3.574,0.9513,0.3078,5.814,1.98,5.412,0.707,3.236191708317328,5.797412204178991,3.6325097617465167,2012,3
2012-03-27,-2.28,-4.93,210.18,34.4,24.3,1706.81,-15.32,-12.14,154.3,154.27,891.83,900.63,156.65,295.83,964.99,298.89,5754.0,62.23,1.0,0.0,5.204,0.9992,0.0384,7.783,5.608,2.3,2.668,0.0,0.0,7.134309695894445,2012,3
2012-03-28,0.22,-3.4,219.6,34.6,23.3,1487.81,-19.64,-12.13,163.07,162.59,877.85,900.6,2218.88,295.33,953.48,299.39,5764.0,53.51,1.0,0.0,7.131,0.9676,0.2524,9.657,7.393,5.523,0.632,0.0,1.71989277308354,0.0,2012,3
2012-03-29,-1.59,-5.1,221.21,33.8,22.7,3096.73,-0.09,-0.11,117.89,117.94,952.52,952.43,725.52,297.76,984.26,299.12,5760.0,61.13,1.0,0.0,4.123,0.9702,0.2425,4.754,5.914,8.184,2.404,1.2795479387789768,0.3738144883790129,34.818731187228295,2012,3
2012-03-30,-1.95,-5.87,201.8,35.7,25.3,2390.28,-11.5,-3.24,138.74,138.51,862.07,926.12,1805.11,296.24,956.51,300.04,5774.0,55.53,1.0,0.0,4.5,-0.0,1.0,5.033,10.871,14.994,4.276,0.5273706306167462,13.79650157367057,5.2659800491119295,2012,3
2012-04-01,-1.25,-6.53,205.61,36.2,24.1,3613.42,0.0,0.0,123.23,123.08,962.11,964.34,357.29,297.84,971.45,300.33,5780.0,58.6,0.866,-0.5,1.772,0.2822,0.9594,2.693,7.655,8.905,0.8,3.589612881876921,5.585074060192353,17.97965137596554,2012,4
2012-04-02,1.63,0.17,163.99,34.7,24.7,3.07,-295.75,-238.47,519.53,499.68,542.61,550.81,1.25,291.01,916.3,298.4,5767.0,48.92,0.866,-0.5,4.41,0.9977,-0.068,3.087,13.223,13.061,7.335,7.539552445941275,0.12380632818788195,2.9510417963266105,2012,4
2012-04-03,1.62,-1.62,183.8,31.5,23.3,285.98,-50.81,-33.62,239.29,238.76,775.53,853.51,206.55,292.38,918.99,299.54,5757.0,51.67,0.866,-0.5,0.316,-0.3165,0.9493,3.114,10.236,10.502,10.878,0.8860095992999404,0.0,3.309625067920336,2012,4
2012-04-04,-1.28,-3.16,215.19,36.4,23.7,937.26,-25.22,-20.73,173.68,173.56,869.16,884.08,92.65,294.22,944.58,299.06,5763.0,56.71,0.866,-0.5,2.983,0.771,0.6369,7.603,6.307,7.611,10.474,14.833395973934632,0.0,0.0,2012,4
2012-04-06,-1.45,-3.68,221.99,34.2,24.7,1404.5,-47.75,-38.24,148.24,148.15,826.97,846.02,452.1,294.65,940.46,299.88,5774.0,58.39,0.866,-0.5,4.317,0.9729,-0.2316,5.547,4.5,5.467,4.528,6.728227661750168,2.640226400545031,6.311048186421403,2012,4
2012-04-07,-3.32,-6.27,231.4,41.6,25.1,3143.72,0.0,0.0,128.78,128.76,977.01,976.38,752.11,297.81,982.56,299.32,5774.0,68.69,0.866,-0.5,4.111,0.9487,-0.3162,7.06,1.789,5.523,4.401,21.543819376669955,5.521290941518229,11.260167973822567,2012,4
2012-04-08,-0.67,-2.55,221.39,33.4,24.7,826.71,-103.82,-85.59,171.5,170.39,774.86,802.23,84.82,295.06,970.85,297.6,5777.0,57.19,0.866,-0.5,6.912,0.9693,-0.246,5.797,1.749,8.602,9.625,0.0,0.0,0.0,2012,4
2012-04-09,-0.3,-5.06,223.62,36.2,24.3,2042.08,-1.6,-1.24,126.58,126.51,935.99,938.1,166.72,296.02,961.0,299.42,5761.0,55.85,0.866,-0.5,8.649,0.9828,-0.185,6.433,3.847,9.362,4.36,0.0,0.0,0.0,2012,4
2012-04-10,1.18,-4.24,197.2,36.4,24.9,1834.9,-22.14,-5.72,131.97,131.91,809.39,890.36,166.23,295.61,957.05,299.36,5764.0,55.89,0.866,-0.5,5.787,0.985,-0.1728,5.036,2.828,5.597,0.64,2.5296710500246977,0.0,12.108840516199734,2012,4
2012-04-11,-1.17,-2.8,207.8,36.5,24.9,676.81,-100.19,-69.86,186.54,185.63,722.07,753.62,407.45,294.37,954.69,298.32,5766.0,57.41,0.866,-0.5,2.973,0.6727,-0.74,2.377,5.841,2.884,4.1,0.36748738931456615,2.137853497647208,3.187577950763071,2012,4
2012-04-20,-0.85,-3.49,232.98,37.2,22.5,2139.19,0.0,0.0,131.72,131.56,954.77,961.82,102.55,297.1,976.47,299.15,5789.0,62.03,0.866,-0.5,1.838,-0.7073,-0.7073,2.47,5.162,6.419,5.001,13.0028714509758,2.354583375152831,4.604599787232647,2012,4
2012-04-25,-3.25,-7.13,243.61,40.0,24.7,3369.47,-0.62,-0.12,118.92,119.0,944.48,951.81,3677.16,297.91,969.82,300.55,5794.0,65.28,0.866,-0.5,6.172,-0.7615,0.6481,0.894,13.146,18.035,12.872,10.632998807743418,0.5491701249324086,2.6500680064495294,2012,4
2012-04-28,-0.71,-4.42,220.98,38.7,21.7,2648.61,0.0,0.0,108.74,108.46,979.22,978.93,1579.75,297.54,979.35,299.32,5781.0,68.8,0.866,-0.5,4.02,-0.995,-0.0995,0.224,5.201,8.864,4.08,4.363199118514345,29.235957540784902,13.758191782404271,2012,4
2012-05-01,-0.46,-4.64,207.59,33.3,24.5,1778.75,-2.58,-0.52,129.43,129.21,922.4,931.76,1029.09,295.28,934.03,301.1,5791.0,56.48,0.5,-0.866,3.324,-0.9326,0.361,0.361,11.111,14.217,2.256,1.6975055514212516,5.997497151361737,7.643058950315176,2012,5
2012-05-03,0.2,-3.99,215.6,33.7,23.9,1359.41,-10.91,-4.03,142.8,142.63,887.82,912.01,56.02,294.58,930.09,300.76,5778.0,56.31,0.5,-0.866,9.725,-0.9974,0.072,5.882,4.465,13.52,9.727,6.544940245568905,0.7782056233421388,1.2409621813731975,2012,5
2012-05-04,-0.47,-4.45,251.41,34.8,23.1,2079.1,-1.48,-0.72,119.95,119.44,932.59,936.56,144.46,295.69,941.61,300.83,5787.0,61.46,0.5,-0.866,9.319,-0.998,-0.0644,8.814,7.169,14.583,4.02,6.63829943541679,0.9450355758189056,19.608679713256826,2012,5
2012-05-06,2.1,-3.35,250.22,26.5,20.9,1842.02,-2.15,-0.0,133.19,132.56,908.41,925.77,75.65,295.38,938.33,300.82,5786.0,51.86,0.5,-0.866,14.773,-0.9748,-0.2234,14.746,11.755,26.446,5.763,12.911835066497755,7.993807980462144,6.755645933227765,2012,5
2012-05-07,-3.2,-4.12,270.39,40.1,24.1,1071.05,-21.64,-25.8,153.97,153.93,878.27,877.95,17.28,296.0,980.36,297.71,5777.0,68.07,0.5,-0.866,6.538,-0.9942,-0.1071,4.522,7.125,13.6,2.55,1.7771442003764926,50.32746123406968,3.2345558233435145,2012,5
2012-05-08,-1.88,-5.57,249.81,35.3,23.7,2358.98,-9.93,-6.01,127.82,127.81,904.39,915.63,37.94,295.81,939.05,301.19,5776.0,59.93,0.5,-0.866,5.459,-0.9892,-0.1465,6.203,10.018,15.286,3.256,11.09267101984165,4.112969639607174,6.288793285322495,2012,5
2012-05-09,4.56,-1.65,163.01,25.5,23.5,436.1,-32.45,-6.62,216.21,215.47,787.72,890.01,705.9,292.64,909.01,300.74,5767.0,45.32,0.5,-0.866,4.649,-0.9464,-0.3227,3.536,12.952,17.066,2.404,0.0,0.0,0.0,2012,5
2012-05-10,0.98,-3.23,201.99,27.3,23.3,1293.36,-19.12,-10.26,155.7,155.54,868.77,890.05,130.68,294.75,940.81,299.94,5774.0,55.1,0.5,-0.866,3.4,-1.0,-0.0,5.508,18.221,21.602,1.965,0.0,0.0,0.0,2012,5
2012-05-11,-0.54,-6.34,220.81,37.5,24.1,3682.74,0.0,0.0,120.31,120.3,971.25,971.25,3154.89,298.1,971.25,300.6,5790.0,62.52,0.5,-0.866,4.562,-0.4384,0.8987,2.879,15.882,18.856,2.081,0.5210948858283789,6.161372095111865,12.344100440785384,2012,5
2012-05-12,0.97,-0.47,198.39,29.6,23.9,46.33,-165.74,-116.63,363.7,362.68,641.9,680.17,12.04,292.4,925.03,299.0,5777.0,48.62,0.5,-0.866,6.198,-0.9842,0.1775,5.442,11.413,17.608,5.842,1.0945378394960545,0.0,0.0,2012,5
2012-05-14,-3.16,-7.33,258.0,38.5,24.3,3999.92,0.0,0.0,106.36,106.31,961.57,962.54,229.81,297.92,962.54,301.2,5789.0,62.75,0.5,-0.866,9.513,-0.9986,0.0526,9.339,15.24,24.707,4.211,0.9960513486308771,4.653907596012305,24.705167470525343,2012,5
2012-05-17,-2.27,-5.9,266.01,39.0,24.1,2181.79,-0.03,0.0,121.15,121.03,950.93,951.91,340.0,296.36,951.91,300.57,5767.0,64.2,0.5,-0.866,8.21,-0.9988,-0.0487,7.554,9.451,17.175,2.377,6.4049739803397285,4.3590235755148665,1.799965889496927,2012,5
2012-05-19,1.38,-3.54,208.59,25.3,23.5,1416.41,-19.96,-11.1,148.58,148.44,870.83,896.37,126.99,295.2,937.22,300.73,5794.0,51.81,0.5,-0.866,8.798,-0.8525,-0.5228,7.066,16.41,24.672,2.159,15.506269412653316,7.531206562827779,0.0,2012,5
2012-05-21,-3.29,-6.45,251.4,37.8,23.7,3314.97,0.0,0.0,112.73,112.59,969.31,969.14,1612.14,298.32,979.23,300.13,5779.0,63.38,0.5,-0.866,5.255,-0.9324,-0.3616,3.606,18.851,23.404,6.592,8.780919831882171,5.7782292479095085,14.409456495554256,2012,5
2012-05-22,0.4,-3.92,246.99,35.1,20.7,2654.3,-0.84,-0.35,122.01,121.59,945.21,949.38,509.85,297.23,957.89,300.93,5783.0,61.8,0.5,-0.866,6.862,-0.9472,-0.3206,4.072,10.261,16.5,10.183,2.268562146819586,16.48847017868989,8.133377597154773,2012,5
2012-05-23,2.08,-5.65,217.6,31.8,22.5,3364.66,-0.02,0.0,105.24,105.23,950.79,958.07,4388.57,297.58,958.07,301.26,5786.0,55.71,0.5,-0.866,11.557,-0.9864,-0.1644,6.963,14.911,26.107,13.039,7.707061129852419,9.914525958876197,1.7237753117442447,2012,5
2012-05-24,-1.67,-3.34,252.21,38.4,23.5,991.2,-27.91,-27.37,157.13,156.62,863.51,871.76,67.02,296.2,978.72,298.06,5787.0,67.04,0.5,-0.866,10.262,-0.9647,-0.2631,4.494,6.576,16.812,3.847,9.26761190407496,2.761543198176411,3.07010872038751,2012,5
2012-05-25,-0.09,-4.79,283.61,37.3,21.5,3073.06,0.0,0.0,111.52,111.11,957.2,960.87,292.02,297.62,963.97,300.77,5783.0,68.52,0.5,-0.866,15.086,-0.9678,-0.2519,10.192,11.449,26.383,7.529,0.0,15.39396466632989,4.788026925341669,2012,5
2012-05-26,2.92,-0.54,244.01,30.6,22.3,100.38,-80.94,-25.92,470.17,464.0,701.15,834.96,2.74,292.74,916.44,300.15,5774.0,54.63,0.5,-0.866,16.351,-0.9541,-0.2997,13.706,7.043,23.059,4.215,0.0,0.0,0.0,2012,5
2012-05-27,-0.36,-2.91,264.79,34.9,23.5,598.71,-32.08,-23.73,163.51,158.85,846.09,866.12,18.72,294.46,935.11,300.18,5786.0,58.66,0.5,-0.866,11.676,-0.9592,-0.2826,13.202,13.379,24.423,5.474,0.0,0.0,0.0,2012,5
2012-05-28,1.34,-3.68,262.59,35.4,23.5,892.27,-33.35,-24.88,189.86,188.43,865.24,876.78,24.5,294.41,930.8,300.53,5772.0,60.94,0.5,-0.866,17.851,-0.9691,-0.2465,14.303,9.626,27.075,5.434,0.0,0.3986776878807057,7.336475360951886,2012,5
2012-05-29,1.41,-2.15,270.99,33.8,22.5,641.56,-24.07,-15.99,176.41,175.33,858.5,880.79,20.82,294.52,935.99,300.15,5789.0,56.31,0.5,-0.866,15.58,-0.9307,-0.3659,11.592,17.395,32.284,8.089,0.546864944947339,8.085485949079823,7.7186748263264855,2012,5
2012-05-30,0.54,-0.93,283.81,35.6,22.7,173.79,-65.04,-57.06,302.92,301.27,780.76,806.52,1.31,294.52,953.26,298.61,5797.0,59.43,0.5,-0.866,13.553,-0.8854,-0.4648,8.368,16.212,29.72,7.611,2.448690704660979,5.333476829069002,9.93367665019011,2012,5
2012-05-31,1.69,-5.37,244.59,35.3,19.9,3717.35,0.0,0.0,103.03,103.01,966.8,967.11,924.87,298.22,970.41,300.8,5783.0,67.01,0.5,-0.866,13.376,-0.9495,-0.314,5.239,14.468,27.244,11.011,7.804428526485484,8.218010249499722,3.980984888314823,2012,5
2012-06-02,0.47,-4.51,254.01,37.2,23.1,2649.63,-0.01,0.0,101.48,101.58,950.9,954.71,516.12,297.15,955.93,301.01,5795.0,63.6,0.0,-1.0,10.708,-0.9806,-0.1961,4.61,18.189,28.865,10.066,4.151350154168052,20.116400979141773,1.7228766796012378,2012,6
2012-06-03,-0.15,-5.07,262.98,37.6,22.3,3446.63,-0.03,0.0,101.96,101.95,948.27,952.43,533.37,297.5,955.31,301.43,5791.0,67.35,0.0,-1.0,11.705,-0.9398,-0.3417,3.64,10.239,21.896,3.736,5.761239694839941,3.090289927079215,15.076916975009727,2012,6
2012-06-04,-0.65,-7.48,266.39,37.3,24.3,4009.39,0.0,0.0,101.3,101.39,957.17,961.03,832.47,298.25,961.53,301.62,5781.0,63.52,0.0,-1.0,17.826,-0.9705,-0.2412,11.176,13.84,31.56,14.013,5.58394028110336,8.611767206032626,26.588723291831403,2012,6
2012-06-05,0.24,-0.4,272.61,33.5,23.1,31.89,-159.35,-103.91,354.78,353.81,580.06,706.01,1.51,293.35,937.66,298.82,5787.0,58.66,0.0,-1.0,16.003,-0.9811,-0.1937,9.121,13.37,27.234,7.117,0.0,0.0,0.0,2012,6
2012-06-07,-0.2,-5.09,278.41,38.3,21.1,3295.75,0.0,0.0,104.72,104.7,972.68,973.0,662.93,298.28,973.84,300.56,5785.0,70.79,0.0,-1.0,13.138,-0.9895,-0.1446,12.609,8.851,20.041,3.734,3.5574792329291984,13.538761647300339,2.2006052305073673,2012,6
2012-06-08,0.92,0.49,272.2,34.8,21.7,8.21,-75.85,-66.42,483.76,483.53,809.11,809.68,0.23,292.76,927.18,299.16,5785.0,59.26,0.0,-1.0,17.521,-0.9531,-0.3025,15.808,16.603,34.123,9.02,9.872231463581429,17.599543999155664,6.682007099190806,2012,6
2012-06-09,-2.09,-6.87,293.38,40.7,22.5,4512.43,0.0,0.0,98.3,98.32,977.32,977.17,432.85,299.34,978.44,301.22,5795.0,72.95,0.0,-1.0,14.3,-0.958,-0.2867,10.431,22.169,36.467,13.012,12.194329418360226,13.022752199986021,7.6149418408286405,2012,6
2012-06-10,-1.5,-2.43,292.6,35.7,22.1,1103.27,-22.28,-25.03,174.9,173.86,896.64,896.29,48.09,296.1,967.12,298.96,5797.0,67.01,0.0,-1.0,18.462,-0.7908,-0.6121,7.81,12.781,30.888,17.835,7.3513590170825855,4.057380295164069,3.668158389602194,2012,6
2012-06-11,0.02,-5.46,278.4,35.7,23.1,2759.1,-3.52,-1.13,124.55,124.54,924.51,937.67,111.18,296.63,949.48,301.07,5793.0,60.84,0.0,-1.0,16.928,-0.8507,-0.5258,10.14,13.831,30.751,14.199,0.0,0.0,7.305347326880405,2012,6
2012-06-12,2.26,-3.67,220.17,27.1,22.5,2147.64,-11.0,-4.52,147.3,147.22,898.08,922.03,52.82,296.2,955.07,300.13,5781.0,51.46,0.0,-1.0,12.702,-0.6456,-0.7637,8.562,14.771,26.188,12.456,17.362773459889002,0.8072063298985442,23.306118503349182,2012,6
2012-06-13,-2.54,-6.89,238.4,27.3,25.1,2980.11,-8.44,-4.58,145.58,145.56,913.23,929.74,83.56,297.3,964.05,300.44,5792.0,56.32,0.0,-1.0,7.875,-0.7619,-0.6476,7.716,25.838,33.303,12.814,0.36748792745250836,2.039049573766721,4.587732081510884,2012,6
2012-06-14,3.35,-2.49,193.39,23.1,22.9,1176.75,-2.54,-1.83,187.0,186.96,933.21,936.97,111.42,295.5,956.61,299.28,5780.0,47.66,0.0,-1.0,7.692,-0.962,-0.273,9.276,32.315,39.984,7.139,0.0,0.0,0.0,2012,6
2012-06-15,6.82,0.72,175.39,16.9,20.7,247.2,-101.58,-1.83,238.81,238.09,597.78,914.98,8.28,292.65,915.21,300.17,5773.0,38.42,0.0,-1.0,9.837,-0.9556,-0.2948,10.925,28.575,38.407,6.708,0.0,0.0,0.0,2012,6
2012-06-16,1.72,-0.57,242.02,25.7,21.7,529.49,-34.68,-25.65,204.57,204.47,803.68,848.65,46.99,294.89,959.09,298.45,5787.0,51.54,0.0,-1.0,11.507,-0.9994,0.0348,12.866,23.658,34.224,7.519,3.9017001505299405,0.0,0.0,2012,6
2012-06-17,4.19,-0.18,235.21,23.9,21.3,324.51,-44.06,-24.28,258.51,260.72,835.36,859.68,43.58,292.66,907.12,300.93,5773.0,42.86,0.0,-1.0,13.5,-0.9259,-0.3778,13.0,24.299,36.89,2.594,0.0,0.0,0.0,2012,6
2012-06-18,0.94,-5.67,261.61,30.6,22.3,3801.91,0.0,0.0,106.68,106.67,969.28,970.53,163.93,298.38,973.11,300.72,5784.0,57.86,0.0,-1.0,12.404,-0.9594,-0.2822,10.359,22.785,34.041,4.904,1.127989510125383,2.66699190136792,3.663236951552309,2012,6
2012-06-19,1.5,-3.49,244.41,27.1,22.9,1653.73,-16.24,0.0,151.14,151.09,868.77,938.01,76.29,295.45,938.01,300.92,5778.0,48.33,0.0,-1.0,10.402,-0.9998,-0.0192,11.037,18.111,28.485,9.964,0.0,0.0,0.0,2012,6
2012-06-20,3.29,-2.04,215.21,16.9,22.3,1047.76,-4.98,-0.07,193.49,193.3,876.73,918.22,62.71,294.07,925.8,300.62,5768.0,45.71,0.0,-1.0,13.24,-0.929,-0.3701,15.364,17.934,30.79,13.399,21.5189080753885,1.7962238902619552,10.407560308766392,2012,6
2012-06-22,-2.48,-3.49,225.62,29.9,26.1,317.4,-130.5,-79.34,236.12,235.91,650.51,807.0,17.41,293.16,937.89,298.61,5766.0,48.35,0.0,-1.0,6.067,-0.989,-0.1483,5.261,26.327,32.368,5.587,0.0,0.0,0.0,2012,6
2012-06-23,-1.5,-3.53,232.81,32.6,22.7,1655.48,-2.75,-1.46,185.71,185.67,930.61,934.78,2735.8,295.09,941.28,300.24,5769.0,50.19,0.0,-1.0,5.914,-0.9469,-0.3213,5.323,28.892,34.722,11.833,0.0,0.0,0.0,2012,6
2012-06-24,0.62,-3.51,201.79,27.6,24.7,767.62,-6.88,-3.61,197.97,197.83,906.29,918.35,201.44,293.56,928.36,299.88,5768.0,46.13,0.0,-1.0,9.14,-0.7987,-0.6018,10.445,27.198,35.862,13.017,0.0,0.0,0.0,2012,6
2012-06-25,4.79,-4.58,134.19,24.5,25.9,1975.23,-1.92,-1.29,154.17,154.04,937.63,940.24,270.06,295.49,947.88,300.06,5774.0,47.82,0.0,-1.0,5.111,-0.8609,-0.5087,5.873,18.849,23.881,6.201,0.0,4.023776232944949,0.0,2012,6
2012-06-26,5.59,-2.53,113.62,22.3,26.5,634.31,-124.4,-0.89,223.0,222.51,690.84,903.87,121.07,292.57,912.41,300.35,5766.0,41.95,0.0,-1.0,4.717,-0.9964,0.0848,5.92,21.816,25.766,5.769,7.735378613486647,8.933908494036313,3.4487805036227934,2012,6
2012-06-27,-1.06,-6.46,250.4,33.6,23.9,3578.23,0.0,0.0,116.71,116.69,961.94,964.89,680.1,297.57,964.89,300.64,5763.0,59.76,0.0,-1.0,9.713,-0.9987,0.0515,6.229,18.505,27.835,6.551,39.859439590200125,6.593654063162524,1.400359239313541,2012,6
2012-06-28,3.31,-0.7,200.01,27.9,23.9,152.49,-100.01,-75.6,359.96,358.99,775.26,788.66,35.02,292.57,929.09,298.81,5757.0,49.63,0.0,-1.0,8.102,-0.9998,0.0247,5.3,20.002,28.1,7.628,6.389252842419883,0.0,0.0,2012,6
2012-06-30,-1.71,-5.99,267.99,37.3,22.7,3219.67,-0.19,-0.01,130.24,130.26,946.02,949.85,290.09,296.99,953.37,301.08,5772.0,62.9,0.0,-1.0,9.972,-0.9928,-0.1203,11.305,22.0,30.345,8.023,6.603870951026954,15.523881465301868,0.8610753740223153,2012,6
2012-09-01,1.95,0.44,161.78,27.5,25.1,4.19,-396.28,-302.51,419.26,418.32,460.31,482.0,0.33,289.17,876.14,300.32,5765.0,42.4,-1.0,-0.0,4.752,-0.9891,-0.1473,8.907,15.465,20.153,4.254,0.0,0.0,0.0,2012,9
2012-09-02,2.09,-1.74,200.19,30.1,23.5,341.2,-32.48,-16.54,267.99,267.14,830.05,846.65,18.83,292.65,914.16,300.26,5765.0,49.43,-1.0,-0.0,8.254,-0.945,-0.3271,6.552,18.527,25.956,8.023,0.0,0.0,0.0,2012,9
2012-09-03,2.83,-2.87,205.99,32.5,23.5,1032.65,-23.35,-4.72,165.65,165.53,815.69,921.76,130.47,294.56,938.41,299.97,5782.0,52.42,-1.0,-0.0,4.925,-0.9949,0.1015,4.163,11.474,15.72,2.617,0.0,0.0,0.0,2012,9
2012-09-04,0.43,-3.48,221.19,34.9,22.3,1837.92,-0.58,-0.28,137.21,137.06,942.97,946.29,1103.51,296.17,957.72,299.86,5778.0,58.42,-1.0,-0.0,6.612,-0.9982,0.0605,3.265,14.148,20.501,7.58,6.2311854683295165,0.0,0.0,2012,9
2012-09-06,0.8,-2.42,238.8,34.7,21.7,461.43,-0.05,0.0,229.78,229.97,949.97,952.35,156.78,294.54,952.35,298.69,5755.0,60.66,-1.0,-0.0,11.044,-0.9598,0.2807,8.096,13.038,21.128,7.752,0.0,0.0,0.0,2012,9
2012-09-17,2.98,-2.35,287.11,33.1,24.3,311.22,-60.92,-31.94,247.24,245.92,793.63,846.13,9.13,293.51,936.08,299.12,5766.0,49.45,-1.0,-0.0,10.024,-0.8779,-0.4789,8.683,17.779,27.732,3.86,0.0,0.0,3.02547754945456,2012,9
2012-09-18,1.67,-1.33,208.42,33.6,22.7,319.06,-69.56,-53.03,237.21,236.89,841.66,853.82,24.38,294.69,967.89,297.47,5767.0,55.35,-1.0,-0.0,6.044,-0.9596,-0.2813,3.513,18.694,24.711,1.72,0.0,0.0,5.695123610267428,2012,9
2012-09-19,-1.01,-2.86,237.59,38.9,22.1,1368.35,0.0,0.0,149.29,149.28,979.62,979.62,228.22,296.19,979.62,297.95,5759.0,66.79,-1.0,-0.0,6.801,-0.9557,-0.2941,4.633,12.945,19.736,3.138,0.0,0.0,0.0,2012,9
2012-09-20,2.37,-3.53,215.22,31.7,21.7,1798.19,0.0,0.0,153.95,153.84,957.5,960.88,383.51,295.96,961.68,299.3,5764.0,57.67,-1.0,-0.0,9.055,-0.9939,0.1104,3.7,19.791,28.455,8.502,0.0,0.0,0.0,2012,9
2012-09-21,0.5,-3.64,232.99,33.0,21.3,1736.25,-0.72,-0.21,150.58,150.59,941.67,948.0,270.69,295.78,961.53,299.12,5757.0,58.84,-1.0,-0.0,7.503,-0.933,0.3599,2.943,18.572,25.22,6.297,6.421887635937539,35.908479260039485,15.266330285261915,2012,9
2012-09-25,-0.2,-3.62,250.2,35.1,22.7,1054.45,-7.52,-3.16,153.45,153.44,902.13,915.2,136.38,294.48,940.56,299.69,5761.0,59.42,-1.0,-0.0,11.573,-0.9937,0.1123,7.653,6.86,17.539,4.159,0.7053922246627793,15.550100271816527,0.37324937811076075,2012,9
2012-09-27,0.01,-5.25,252.82,37.5,21.9,2930.03,0.0,0.0,114.41,114.34,967.58,970.29,63268.95,297.41,971.78,299.87,5764.0,67.81,-1.0,-0.0,13.829,-0.9762,-0.2169,8.11,11.053,24.111,7.433,3.625811778030483,5.390570898022768,2.6559654254942644,2012,9
2012-09-28,3.23,-0.42,212.18,30.6,21.5,156.39,-16.86,-9.04,449.64,373.08,870.46,888.95,12.15,292.2,920.75,299.18,5746.0,51.89,-1.0,-0.0,15.416,-0.999,-0.0454,11.18,14.546,29.677,3.932,11.20856100015752,22.793898576855064,1.4070631790534884,2012,9
2012-09-29,0.11,0.27,239.98,35.9,22.9,32.72,-108.5,-99.17,553.35,551.56,682.58,693.23,1.14,292.67,947.13,297.26,5748.0,59.44,-1.0,-0.0,11.851,-0.9957,0.0928,10.164,15.692,26.753,4.179,3.8485513260193636,3.5625903705912068,26.670487650011935,2012,9
2012-09-30,2.77,-1.46,209.62,28.1,21.3,915.44,-8.86,-1.61,158.5,157.66,870.78,939.49,91.18,294.92,955.13,298.83,5755.0,49.67,-1.0,-0.0,8.174,-0.9909,-0.1346,6.629,17.521,25.612,5.991,0.0,0.0,0.0,2012,9
2012-10-01,0.43,-2.97,224.61,35.1,22.7,1718.81,-2.4,-1.73,144.32,144.2,920.45,928.43,280.83,296.18,970.4,298.74,5770.0,62.81,-0.866,0.5,8.238,-0.9832,0.1821,4.531,14.806,22.293,9.964,0.0,0.0,0.0,2012,10
2012-10-02,2.73,-0.19,202.19,27.2,22.1,301.23,-73.05,-30.77,248.89,248.59,709.12,848.93,120.4,293.22,941.0,298.37,5770.0,49.36,-0.866,0.5,6.586,-0.744,0.6681,3.981,17.948,22.3,10.406,0.0,0.0,0.0,2012,10
2012-10-03,-0.41,-3.44,245.6,35.3,21.5,2345.56,0.0,0.0,142.67,142.51,973.93,974.3,661.28,296.99,981.33,298.6,5778.0,60.15,-0.866,0.5,4.701,-0.6169,0.7871,2.059,22.424,26.101,7.545,6.316289868167088,0.0,18.72241618877552,2012,10
2012-10-04,1.26,-1.3,212.0,34.4,23.1,106.74,-45.08,-28.66,454.61,432.03,758.58,843.95,35.45,293.45,948.63,297.93,5757.0,52.32,-0.866,0.5,5.993,-0.9011,0.4338,2.983,16.603,21.285,1.844,0.0,0.0,0.0,2012,10
2012-10-05,0.88,-3.3,210.8,34.5,23.1,1104.8,-1.22,0.0,166.19,165.91,918.85,942.94,788.03,294.52,943.55,299.46,5764.0,56.3,-0.866,0.5,5.187,-0.9447,0.3277,6.562,16.907,21.701,7.561,0.0,6.095448688303307,0.0,2012,10
2012-10-06,2.39,-3.09,188.21,29.7,24.1,825.32,-29.45,-7.34,164.99,165.0,759.07,881.6,250.13,293.54,924.59,300.19,5755.0,48.6,-0.866,0.5,7.142,-0.7141,0.7001,5.3,21.851,26.623,7.993,0.0,0.0,0.0,2012,10
2012-10-07,4.18,-0.24,170.61,19.9,23.1,54.37,-47.44,-22.78,426.67,414.28,793.68,820.47,445.53,291.74,905.7,300.12,5766.0,45.67,-0.866,0.5,5.731,-0.8725,0.4886,3.087,18.489,22.906,4.252,0.0,0.0,6.5904603399240616,2012,10
2012-10-08,2.74,-0.94,218.42,31.4,22.1,511.03,-20.0,-8.76,190.34,190.25,820.43,885.78,66.92,294.18,950.48,298.49,5752.0,51.81,-0.866,0.5,9.093,-0.9898,0.143,6.5,8.901,17.13,2.532,0.0,0.0,0.0,2012,10
2012-10-09,2.08,0.25,200.58,33.9,21.7,59.36,-38.27,-28.56,509.48,505.67,817.76,841.89,13.05,292.04,924.33,298.7,5752.0,56.63,-0.866,0.5,7.747,-0.981,-0.1936,7.17,10.179,17.925,1.456,0.0,0.0,0.0,2012,10
2012-10-10,-0.97,-4.59,222.81,38.3,23.3,2091.16,-0.96,-0.46,133.88,133.87,934.58,941.61,459.53,296.54,969.61,299.19,5766.0,62.29,-0.866,0.5,5.289,-0.9643,0.2647,3.202,11.318,15.596,5.025,0.0,0.0,0.0,2012,10
2012-10-11,1.86,-0.2,178.01,33.0,22.9,94.5,-89.5,-65.86,349.27,341.99,742.14,771.06,37.04,293.37,947.91,297.91,5757.0,53.45,-0.866,0.5,5.07,0.927,0.3748,4.144,9.473,4.601,4.205,0.0,0.0,0.0,2012,10
2012-10-13,0.31,-2.65,198.18,33.2,23.3,667.87,-20.11,-12.04,200.11,198.77,856.96,885.26,165.66,294.37,943.72,299.29,5759.0,51.84,-0.866,0.5,4.001,0.025,0.9997,5.482,4.405,8.401,2.354,0.0,0.0,0.0,2012,10
2012-10-14,-1.91,-3.54,222.01,37.6,22.9,1465.3,-1.25,-1.48,150.11,150.04,899.51,898.71,379.91,296.29,981.06,297.93,5759.0,66.26,-0.866,0.5,2.04,0.1961,0.9804,2.687,3.677,4.534,5.515,2.1921271429501066,0.8943899355258956,7.9831164709622495,2012,10
2012-10-16,1.64,-1.55,188.39,32.6,23.5,310.49,-63.54,-34.43,247.34,245.97,740.65,804.11,35.52,293.69,940.99,298.86,5764.0,54.81,-0.866,0.5,3.677,0.3807,-0.9247,3.677,7.382,7.42,4.401,9.972338507064238,26.768482649288828,0.9629475826868225,2012,10
2012-10-17,-0.27,-3.24,208.39,34.6,23.5,1242.8,-5.12,-2.48,140.47,140.46,891.97,926.99,416.07,295.36,957.14,299.09,5769.0,56.98,-0.866,0.5,1.838,0.9249,-0.3809,2.285,3.311,1.476,7.225,1.0923616913850143,4.943603341488886,0.0,2012,10
2012-10-18,-0.09,-1.84,212.0,34.0,23.9,201.45,-70.6,-46.6,368.71,331.0,700.07,764.52,19.18,293.17,932.21,299.12,5772.0,53.15,-0.866,0.5,5.5,1.0,-0.0,5.944,7.694,3.828,4.061,24.800959717799596,11.67451207210676,8.606523459822553,2012,10
2012-10-19,3.63,0.26,186.0,32.2,22.7,53.62,-108.21,-75.69,335.39,326.86,792.01,809.61,36.3,292.71,928.76,298.98,5769.0,48.87,-0.866,0.5,6.601,0.9998,0.0151,6.107,9.862,5.442,0.721,0.0,0.0,0.0,2012,10
2012-10-21,0.97,-1.14,228.22,33.4,24.1,181.11,-96.73,-70.21,299.14,296.31,765.41,782.61,8.07,293.42,940.62,298.61,5764.0,53.43,-0.866,0.5,10.538,0.9869,0.1613,10.837,11.569,6.107,0.985,0.0,0.0,0.0,2012,10
2012-10-22,2.78,-0.76,209.22,28.9,23.3,211.08,-114.06,-64.53,240.69,240.34,710.34,755.43,15.07,293.66,936.58,299.22,5775.0,47.61,-0.866,0.5,10.395,0.9909,-0.1347,9.179,11.893,2.751,3.636,0.0,0.0,0.0,2012,10
2012-10-23,0.29,-4.54,248.42,33.8,21.1,2610.9,0.0,0.0,137.41,137.37,965.77,965.83,479.41,297.53,980.52,299.22,5767.0,67.93,-0.866,0.5,6.903,0.7823,0.6229,5.914,10.002,4.965,8.368,0.0,5.522266701619075,10.416123781400326,2012,10
2012-10-24,1.31,-0.14,193.4,34.2,22.1,31.79,-80.52,-25.22,443.6,370.79,678.97,839.86,3.58,293.41,943.64,298.33,5777.0,58.25,-0.866,0.5,2.625,0.9524,0.3048,1.746,9.235,6.7,4.301,9.855304343687388,4.647186831795926,30.418985267985345,2012,10
2012-10-25,0.42,-2.04,215.78,34.9,22.3,611.05,-9.55,-6.89,182.53,182.33,907.29,912.66,47.39,294.8,952.05,298.98,5776.0,58.36,-0.866,0.5,3.046,0.394,-0.9192,2.746,3.912,3.68,2.283,0.0,0.0,0.0,2012,10
2012-10-26,-1.87,-4.88,245.99,40.4,22.9,2891.13,0.0,0.0,106.75,106.73,973.33,973.65,781.15,297.64,977.38,299.6,5785.0,68.66,-0.866,0.5,5.682,0.88,-0.4752,4.36,2.377,4.561,2.608,0.5455446669584639,18.586572654340692,2.893058979349272,2012,10
2012-10-27,0.84,-1.09,215.8,28.6,21.7,616.65,-21.12,-15.1,188.27,187.52,849.25,872.96,156.99,295.0,953.42,299.06,5774.0,53.65,-0.866,0.5,6.801,0.9999,-0.0147,6.282,6.042,8.139,3.982,0.0,0.0,0.0,2012,10
2012-10-28,8.01,1.02,111.39,18.3,23.1,4.58,-190.38,-103.57,417.6,412.74,682.87,748.1,0.8,291.32,908.89,299.4,5774.0,32.4,-0.866,0.5,6.549,0.9925,-0.1222,4.045,3.396,3.2,1.432,0.0,0.0,0.0,2012,10
2012-10-30,-0.62,-4.15,229.19,38.3,23.5,2278.04,-0.84,-0.37,127.54,126.5,938.91,945.82,335.45,297.23,975.38,299.36,5784.0,63.09,-0.866,0.5,7.767,0.9785,-0.206,8.509,6.395,2.997,1.703,10.009622685643842,2.783261629485074,0.8112102718759063,2012,10
2012-10-31,1.98,-0.23,188.2,32.3,24.1,45.58,-132.01,-97.49,460.04,414.06,732.85,757.51,1.58,291.15,894.41,300.59,5767.0,45.48,-0.866,0.5,2.941,0.816,-0.578,9.501,6.637,4.123,8.509,0.0,0.0,0.0,2012,10
2012-11-01,-3.97,-3.1,271.6,42.9,24.1,1281.61,-41.29,-48.24,135.13,134.88,803.91,801.57,91.99,296.42,981.92,297.99,5786.0,73.33,-0.5,0.866,9.801,0.9897,-0.1428,10.812,3.905,6.79,3.081,13.521332174095994,5.768493110579595,21.611546741713354,2012,11
2012-11-02,1.79,-1.48,218.21,30.8,22.7,602.82,-35.34,-18.74,177.52,176.97,814.03,849.84,45.25,294.75,950.22,299.1,5785.0,55.08,-0.5,0.866,6.807,0.9843,-0.1763,6.701,7.566,2.341,0.1,0.0,0.0,0.0,2012,11
2012-11-03,1.17,-2.15,196.2,33.7,23.9,570.76,-72.74,-52.75,214.87,214.37,813.39,834.38,67.29,294.24,942.13,299.31,5776.0,56.93,-0.5,0.866,6.152,0.9915,-0.13,3.132,5.109,3.33,1.17,5.2445303845983515,1.167604062467046,29.535672849938997,2012,11
2012-11-04,-0.98,-1.25,222.18,37.4,23.1,153.71,-47.69,-46.67,403.49,398.59,802.03,813.75,25.81,293.91,951.65,298.13,5767.0,60.86,-0.5,0.866,3.027,0.9911,-0.1321,5.903,7.134,4.528,6.181,4.0038479610709565,0.0,5.27932368492751,2012,11
2012-11-05,2.75,-0.39,193.78,30.8,22.1,220.15,-49.73,-28.5,240.28,238.99,793.03,836.5,9.72,293.63,938.45,299.02,5772.0,49.49,-0.5,0.866,6.297,0.937,0.3494,7.71,7.606,2.55,4.148,0.0,0.0,0.0,2012,11
2012-11-06,0.36,-1.52,205.01,33.0,24.5,121.34,-103.51,-75.35,364.16,366.64,706.15,761.59,6.95,292.19,919.0,299.35,5764.0,51.18,-0.5,0.866,7.106,0.9992,-0.0422,10.102,8.326,3.14,5.324,0.0,0.0,0.0,2012,11
2012-11-07,0.65,-2.81,239.39,33.4,22.3,1937.13,-7.47,-3.16,122.82,122.8,894.42,919.91,113.47,296.33,963.43,299.52,5785.0,57.65,-0.5,0.866,7.622,0.9446,-0.328,8.006,8.766,1.616,4.134,0.0,0.0,3.47330428361456,2012,11
2012-11-08,2.22,-2.57,216.0,28.7,23.7,1213.89,-61.47,-44.1,145.77,145.66,800.99,851.68,93.86,295.23,947.79,299.8,5781.0,54.89,-0.5,0.866,8.637,0.9957,-0.0926,8.0,8.902,11.669,1.02,11.947471100032407,9.891082306764748,12.833064681922982,2012,11
2012-11-09,1.57,-1.68,202.6,30.7,22.9,321.66,-35.3,-21.99,254.02,252.65,832.93,858.72,24.58,293.46,926.11,299.98,5771.0,53.86,-0.5,0.866,5.289,0.9643,-0.2647,6.301,4.751,2.267,3.601,3.489870465823503,0.0,3.331752237319387,2012,11
2012-11-11,3.17,-1.12,169.39,22.3,26.1,25.15,-323.5,-208.2,461.73,457.78,543.53,660.67,0.98,290.86,895.55,300.19,5777.0,41.67,-0.5,0.866,6.083,0.9864,-0.1644,5.162,7.622,5.166,7.159,0.0,0.0,0.0,2012,11
2012-11-12,-1.8,-4.55,269.4,39.9,22.7,2127.22,-0.98,-1.18,114.13,113.74,929.12,929.21,148.43,297.24,982.94,298.72,5774.0,71.69,-0.5,0.866,8.052,0.9687,-0.2484,8.264,7.201,3.189,4.743,3.8668861673621473,2.522058317457244,6.018061295156688,2012,11
2012-11-13,1.98,-0.51,203.2,33.6,23.7,335.5,-145.61,-107.27,224.21,223.53,724.02,749.8,73.51,293.21,919.14,300.37,5785.0,54.59,-0.5,0.866,8.081,0.7549,-0.6559,5.099,5.814,2.846,2.335,4.851126660863007,12.641536048508813,1.2811913656008747,2012,11
2012-11-14,3.87,-0.99,150.98,29.3,24.3,371.9,-121.74,-76.33,206.96,206.22,718.08,782.26,6.94,293.59,924.33,300.28,5784.0,46.83,-0.5,0.866,6.248,0.6402,-0.7682,4.701,10.977,9.21,5.86,6.456030352390447,0.0,0.0,2012,11
2012-11-15,2.18,-3.4,184.18,34.3,23.5,2024.92,-27.42,-11.83,122.75,122.66,841.64,887.15,5378.43,295.78,934.35,301.6,5794.0,53.02,-0.5,0.866,2.0,-0.0,-1.0,1.3,7.58,6.088,4.118,0.0,0.0,0.0,2012,11
2012-11-16,-1.65,-3.15,226.6,39.6,23.5,1027.97,-3.63,-4.14,157.07,156.87,932.63,932.75,775.51,296.36,979.36,298.15,5786.0,62.69,-0.5,0.866,2.341,0.9398,0.3417,1.414,14.129,12.021,6.161,2.333609723670406,20.775760142254732,1.8508071461331133,2012,11
2012-11-17,1.28,-0.5,194.58,30.1,23.3,66.91,-181.38,-131.44,434.68,429.76,613.11,628.19,20.42,292.52,924.29,299.19,5773.0,52.33,-0.5,0.866,4.528,-0.1104,0.9938,4.28,16.038,17.424,5.546,1.0373954764094022,8.509473769262524,9.801059470896043,2012,11
2012-11-19,1.09,0.17,198.18,35.9,23.1,37.52,-131.08,-115.62,517.12,504.84,696.62,700.51,5.78,291.6,911.89,299.4,5767.0,56.33,-0.5,0.866,2.025,0.8395,-0.5432,3.106,13.606,11.709,4.201,0.17767743106122824,2.078080368456303,8.655014111865777,2012,11
2012-11-21,-0.91,-4.17,228.18,38.7,22.1,1844.99,0.0,0.0,135.65,135.65,975.44,975.64,164.55,296.94,981.18,298.58,5765.0,67.55,-0.5,0.866,2.121,0.7072,-0.7072,4.36,13.21,11.602,7.021,3.044362649425084,4.5414907036254935,22.48061758470298,2012,11
2012-11-23,-0.47,0.52,188.97,37.3,24.1,0.05,-261.13,-264.93,599.1,596.09,608.03,611.81,0.03,290.59,898.75,299.6,5775.0,60.43,-0.5,0.866,2.22,-0.1351,0.991,2.83,10.63,12.391,1.712,0.0,0.0,0.8644805401017056,2012,11
2013-10-12,2.17,-0.95,196.21,34.4,23.3,93.92,-75.77,-36.95,468.72,452.87,716.28,749.52,30.04,291.83,922.24,298.69,5748.0,45.37,-0.866,0.5,7.244,-0.9939,0.1104,2.377,9.762,16.903,5.814,0.0,0.0,0.0,2013,10
2013-10-13,2.52,-0.65,200.99,33.1,22.7,295.58,-4.53,-2.28,271.91,271.29,919.41,925.54,87.85,293.34,936.68,298.89,5754.0,48.73,-0.866,0.5,8.001,-0.9499,0.3125,3.847,7.69,15.121,11.871,0.39016203562839225,10.821068965607688,3.3720148149951683,2013,10
2013-10-14,3.69,-0.12,187.6,30.8,21.5,78.55,-15.65,-6.36,415.06,414.14,848.14,890.19,5.17,292.1,916.77,299.46,5757.0,49.1,-0.866,0.5,8.853,-0.7455,0.6664,5.692,18.239,24.617,9.534,13.823773202096742,5.623444283188301,1.6458986780466485,2013,10
2013-10-15,2.57,-0.16,181.59,28.4,23.1,19.5,-81.29,-51.64,400.46,388.07,764.08,780.63,6105.99,291.38,907.71,299.58,5757.0,42.39,-0.866,0.5,4.623,-0.6273,0.7787,2.915,12.333,15.852,6.963,0.0,0.0,0.0,2013,10
2013-10-16,1.73,-1.62,185.19,30.4,23.3,246.04,-31.24,-11.52,257.41,256.52,780.2,805.31,686.46,293.24,931.16,299.3,5753.0,47.36,-0.866,0.5,3.454,-0.9265,0.3764,2.961,15.43,18.513,4.252,0.0,0.0,0.0,2013,10
2013-10-20,3.44,0.97,171.61,30.6,21.1,0.68,-53.43,-42.44,722.11,594.09,844.02,851.13,0.2,291.31,914.12,298.89,5751.0,50.38,-0.866,0.5,2.83,-0.8481,-0.53,2.5,11.804,14.251,7.256,7.8534698447682985,13.29984964178592,0.0,2013,10
2013-10-22,1.51,0.19,166.18,31.1,23.5,0.56,-170.27,-98.5,502.25,499.09,532.67,757.5,0.04,290.77,916.61,298.12,5743.0,47.38,-0.866,0.5,1.565,-0.8946,0.4473,0.316,3.501,4.965,3.812,0.0,0.0,0.0,2013,10
2013-10-23,-3.3,-3.86,246.6,41.7,23.9,1692.35,-12.29,-14.63,139.9,138.87,873.16,872.46,631.27,296.36,981.05,298.01,5755.0,66.77,-0.866,0.5,2.022,0.9891,-0.1484,4.305,5.06,3.384,3.214,0.3682056232999714,1.4201941350256688,4.591780368290984,2013,10
2013-10-24,-0.19,-1.37,221.79,33.2,22.5,477.84,-25.46,-18.54,266.0,265.54,855.47,866.21,31.94,293.86,954.9,297.77,5744.0,51.85,-0.866,0.5,5.28,0.9091,0.4167,4.83,9.801,4.965,2.844,0.3066416410611976,7.6296503648314875,0.0,2013,10
2013-10-25,6.18,2.85,149.79,25.5,22.1,9.09,-187.59,-131.82,513.58,513.25,612.87,661.61,2.2,290.23,907.43,298.41,5739.0,42.22,-0.866,0.5,2.508,0.9171,0.3987,3.536,8.562,6.054,0.854,0.0,0.0,0.0,2013,10
2013-10-27,2.19,1.25,173.99,31.9,23.1,2.91,-242.44,-202.82,564.36,562.03,588.48,595.34,1.64,290.68,918.45,297.85,5750.0,49.36,-0.866,0.5,2.002,0.0499,0.999,1.118,12.804,12.033,5.048,7.030784451154426,0.0,0.0,2013,10
2013-10-29,3.34,2.21,201.22,26.4,21.3,4.75,-226.09,-165.45,525.74,521.23,565.05,595.7,0.88,291.61,931.75,297.58,5758.0,43.17,-0.866,0.5,3.306,0.9982,-0.0605,3.808,11.86,8.857,3.688,0.0,0.0,0.0,2013,10
2013-10-30,3.28,0.68,182.79,28.7,22.3,83.3,-147.74,-100.33,372.3,364.77,664.98,688.65,49.52,292.14,927.31,298.53,5751.0,42.82,-0.866,0.5,3.962,0.9843,0.1767,3.008,8.273,4.662,8.276,0.0,0.0,0.0,2013,10
2013-10-31,2.79,-0.81,194.21,29.3,23.7,160.2,-67.37,-43.7,293.29,289.08,786.42,813.04,9.85,292.61,931.3,298.64,5756.0,46.19,-0.866,0.5,5.179,0.9847,0.1738,5.686,6.597,2.818,6.413,7.250542110782086,0.0,11.928904207216204,2013,10
2013-11-01,4.71,-0.77,182.02,29.3,22.5,701.63,-61.32,-26.9,199.87,199.25,815.69,851.56,23.0,294.41,952.95,298.52,5754.0,42.36,-0.5,0.866,8.472,0.9915,0.1298,8.179,8.469,2.28,1.803,0.0,0.0,0.0,2013,11
2013-11-02,0.59,0.19,227.39,28.5,23.3,14.66,-174.97,-117.26,422.34,419.4,670.05,682.91,12.99,291.31,914.35,298.88,5758.0,38.16,-0.5,0.866,5.814,0.9976,0.0688,6.818,3.191,3.362,8.223,0.0,0.0,0.0,2013,11
2013-11-03,3.98,0.04,175.6,18.1,23.3,36.39,-100.62,-63.06,360.02,352.69,769.12,800.25,7.91,292.53,933.3,298.37,5753.0,37.25,-0.5,0.866,4.22,0.9716,0.237,4.604,4.061,7.823,6.901,0.0,0.0,0.0,2013,11
2013-11-05,3.16,-0.19,174.42,28.7,23.5,8.76,-188.99,-62.98,473.17,464.83,543.7,752.88,1.71,291.42,914.21,298.99,5758.0,39.01,-0.5,0.866,5.554,0.9723,0.2341,6.021,11.584,8.22,2.907,0.0,0.0,0.0,2013,11
2013-11-07,2.8,-2.32,179.21,30.2,22.5,784.17,-14.96,-5.98,166.38,166.28,878.81,911.39,107.28,294.38,942.84,299.39,5754.0,47.61,-0.5,0.866,4.669,0.7282,0.6854,3.138,9.114,6.796,4.254,0.0,0.0,0.0,2013,11
2013-11-08,0.89,-3.01,188.2,33.7,22.7,781.55,-10.85,-6.08,176.44,176.25,894.38,910.4,10.3,294.39,945.08,299.21,5759.0,53.69,-0.5,0.866,2.64,-0.9091,0.4167,3.511,9.302,11.735,3.384,0.0,0.0,0.0,2013,11
2013-11-10,0.97,-1.54,185.4,34.3,23.7,189.5,-90.88,-69.54,319.79,313.51,713.44,725.91,3.36,293.36,935.56,299.02,5767.0,52.95,-0.5,0.866,3.437,0.9892,-0.1455,4.123,7.81,5.728,2.625,0.0,0.0,0.0,2013,11
2013-11-11,3.11,0.76,174.41,27.8,22.1,2.27,-88.22,-60.76,429.52,426.94,725.63,762.13,0.7,291.6,914.86,299.12,5764.0,44.54,-0.5,0.866,2.55,0.6667,-0.7451,2.417,7.218,4.669,5.738,0.0,0.0,0.0,2013,11
2013-11-12,3.58,0.7,168.01,27.1,24.1,1.69,-249.35,-191.11,569.46,558.83,624.15,632.88,1.28,291.27,905.74,299.64,5779.0,48.18,-0.5,0.866,6.552,0.9615,-0.2747,3.59,2.002,4.624,3.311,1.2297528015047154,2.734096784297922,10.38415373961508,2013,11
2013-11-14,3.71,0.35,181.98,29.6,23.5,20.82,-108.63,-72.67,515.51,455.68,733.33,762.92,7.34,291.37,909.11,299.44,5758.0,42.91,-0.5,0.866,5.08,0.9842,-0.1772,6.294,10.124,5.301,8.149,0.0,0.0,0.0,2013,11
2013-11-15,4.16,1.42,161.4,27.7,22.5,1.7,-285.05,-167.09,419.75,419.33,436.8,440.02,7.03,290.39,898.54,299.42,5761.0,41.4,-0.5,0.866,4.393,0.9788,-0.2049,4.301,11.827,7.485,4.589,0.0,0.0,0.0,2013,11
2014-01-04,0.57,-1.8,180.2,32.4,23.7,189.39,-23.0,-12.65,303.84,302.91,825.27,843.0,15.94,293.6,954.08,297.58,5749.0,51.54,0.5,0.866,2.419,0.9921,-0.124,6.093,12.404,9.985,3.808,15.068628475529948,9.011224509414555,0.0,2014,1
2014-01-05,1.99,-0.57,167.8,29.7,23.3,40.91,-169.64,-81.64,486.3,395.3,595.34,683.99,37.51,292.21,934.76,297.93,5755.0,40.1,0.5,0.866,7.355,0.9925,-0.1224,4.727,11.068,5.692,1.772,0.0,0.0,0.0,2014,1
2014-01-06,0.56,-2.43,180.01,27.4,23.9,442.71,-34.94,-22.89,223.86,221.27,837.93,857.72,58.58,293.76,948.03,298.3,5755.0,48.88,0.5,0.866,7.697,0.9094,-0.4157,4.837,9.179,1.487,6.723,31.654719817410324,1.8638369314504208,10.772996662128827,2014,1
2014-01-07,3.58,0.31,159.59,29.5,23.7,78.73,-123.19,-93.9,405.96,404.05,754.45,794.07,12.14,292.49,943.07,297.45,5745.0,44.34,0.5,0.866,5.601,0.9998,-0.0179,5.459,16.115,11.844,2.11,5.030889899713569,0.0,0.0,2014,1
2014-01-08,0.33,0.45,191.8,18.4,24.5,0.18,-389.04,-286.86,480.48,479.13,563.84,573.91,0.02,289.09,892.37,298.68,5744.0,36.29,0.5,0.866,7.041,0.98,0.1988,6.854,15.44,13.99,4.855,0.0,0.0,0.0,2014,1
2014-01-09,4.58,0.21,157.81,28.8,23.7,11.87,-130.9,-93.04,457.49,448.72,749.5,779.01,1.81,291.29,917.42,298.57,5759.0,42.31,0.5,0.866,10.823,0.9979,0.0647,9.492,12.057,6.812,12.115,0.0,0.0,0.0,2014,1
2014-01-10,2.97,0.98,228.01,32.6,20.9,80.35,-23.44,-14.18,525.22,444.13,835.08,863.41,2.53,291.99,928.2,298.3,5744.0,52.89,0.5,0.866,10.767,0.9938,-0.1115,8.603,12.729,8.102,3.124,0.0,0.0,0.0,2014,1
2014-01-11,3.93,2.14,210.2,30.4,21.9,1.01,-148.75,-116.45,692.85,683.63,711.4,717.24,0.1,290.78,925.47,297.31,5739.0,45.64,0.5,0.866,11.772,0.9939,-0.1104,6.708,3.734,8.2,4.717,0.0,0.0,0.0,2014,1
2014-03-06,10.5,2.07,103.99,-3.9,23.1,12.67,-7.37,-5.5,400.65,399.47,927.67,928.97,1.4,292.0,930.02,298.14,5764.0,26.47,1.0,0.0,6.14,0.9935,-0.114,8.099,4.851,7.94,1.703,0.0,0.0,0.0,2014,3
2014-03-14,5.94,0.45,147.6,28.8,24.7,87.01,-182.75,-130.99,296.21,289.88,746.14,764.24,11.88,292.34,925.37,298.9,5764.0,38.22,1.0,0.0,5.012,0.8779,-0.4789,10.747,3.625,1.421,8.533,0.0,0.0,0.0,2014,3
2014-03-16,1.75,1.45,229.79,30.7,25.3,6.99,-368.9,-326.93,534.26,530.42,586.38,593.17,0.16,288.56,880.09,299.31,5754.0,46.19,1.0,0.0,14.103,0.9927,-0.1205,14.612,7.742,20.492,4.187,0.0,0.0,0.0,2014,3
2014-03-20,4.16,2.19,152.41,-1.3,22.5,0.21,-309.63,-199.69,610.66,571.45,619.68,639.27,0.01,289.27,883.74,299.69,5754.0,30.22,1.0,0.0,3.041,0.4604,0.8879,7.453,1.628,3.912,5.547,0.0,0.0,0.0,2014,3
2014-03-21,4.5,-1.51,139.78,8.1,24.7,689.27,-177.1,-68.0,193.41,193.12,684.68,732.96,127.57,293.22,922.67,300.05,5773.0,30.08,1.0,0.0,3.493,0.9734,0.229,5.557,10.09,10.3,5.58,0.0,0.0,0.0,2014,3
2014-03-22,3.43,-0.21,188.0,15.9,22.9,148.18,-125.49,-45.39,244.29,243.38,633.63,799.4,249.66,291.78,900.89,300.64,5762.0,36.65,1.0,0.0,5.507,0.4903,-0.8716,6.135,10.324,5.852,13.352,3.179530159259132,1.1417333072025535,4.670792892615303,2014,3
2014-03-26,4.7,-0.02,154.82,20.9,24.5,35.64,-223.88,-131.43,390.45,388.08,665.4,697.44,40.15,292.19,917.36,299.49,5779.0,35.1,1.0,0.0,3.77,0.3714,-0.9284,6.873,8.04,4.54,4.701,1.189143431366376,0.0,3.630241540126598,2014,3
2014-03-29,3.55,1.29,170.81,19.9,23.5,15.28,-267.06,-169.73,519.37,515.2,573.73,613.22,12.3,290.11,886.85,300.27,5770.0,37.4,1.0,0.0,3.257,0.307,0.9518,3.883,2.72,1.921,8.587,0.0,0.0,0.0,2014,3
2014-03-30,0.13,-1.21,204.2,29.7,24.1,220.07,-110.56,-61.88,235.33,234.39,705.86,761.98,24.54,292.77,919.34,299.9,5767.0,42.98,1.0,0.0,2.729,0.9894,0.1466,8.139,3.669,1.063,3.448,0.0,0.0,0.0,2014,3
2014-03-31,3.67,0.41,188.41,27.0,21.3,483.56,-36.25,-9.27,190.47,190.13,788.86,909.3,87.19,294.0,934.92,299.72,5778.0,43.73,1.0,0.0,0.566,-0.7067,-0.7067,6.379,2.64,2.773,9.409,0.0,0.0,0.0,2014,3
2014-04-01,0.53,-0.49,205.59,32.1,23.3,144.15,-97.03,-80.96,370.24,367.17,778.7,793.97,5.23,292.81,925.54,299.38,5764.0,53.49,0.866,-0.5,2.668,-0.9745,-0.2249,5.057,2.081,1.78,9.571,0.0,0.0,0.0,2014,4
2014-04-02,-1.36,-3.65,196.39,34.1,24.9,937.86,-35.16,-12.02,172.46,171.71,745.86,877.23,76.09,294.29,935.06,300.01,5781.0,52.16,0.866,-0.5,0.583,0.8576,0.5146,4.704,6.61,7.009,6.841,0.8887958584614322,1.9156859887782591,15.17931024602885,2014,4
2014-04-03,1.12,-0.22,179.99,30.1,24.1,9.05,-185.83,-114.33,455.86,447.85,563.27,614.47,0.54,289.9,879.95,300.7,5760.0,43.53,0.866,-0.5,1.5,-0.8,0.6,4.669,6.217,7.0,7.606,11.24289787681559,0.0,4.2849252282496835,2014,4
2014-04-04,0.85,-1.87,182.81,31.7,24.3,316.11,-97.46,-63.72,256.65,256.81,725.91,752.96,49.72,293.03,925.08,299.64,5773.0,50.09,0.866,-0.5,2.693,0.2599,-0.9655,6.147,7.991,5.63,5.903,0.0,0.0,0.0,2014,4
2014-04-06,3.34,-0.48,148.81,24.5,24.1,23.91,-160.31,-93.27,401.12,398.25,647.58,669.75,5.7,290.73,899.11,299.72,5761.0,43.76,0.866,-0.5,1.924,0.1559,0.9875,4.892,8.721,10.07,6.172,0.0,0.0,0.0,2014,4
2014-04-07,3.33,1.45,148.2,26.1,24.5,2.29,-475.92,-252.15,419.32,417.6,434.75,665.01,0.45,289.33,882.91,299.83,5763.0,39.61,0.866,-0.5,0.424,-0.7076,0.7075,2.961,9.297,9.68,6.595,0.0,0.0,0.0,2014,4
2014-04-08,2.19,-3.44,150.18,31.6,24.3,952.14,-44.95,-22.3,173.64,173.53,845.06,874.8,524.96,294.09,936.54,299.66,5754.0,42.19,0.866,-0.5,2.1,1.0,-0.0,1.562,11.743,9.652,4.95,0.0,0.0,0.0,2014,4
2014-04-10,4.58,2.05,142.6,29.2,22.7,28.15,-157.98,-117.03,527.09,525.38,709.1,724.39,5.45,289.71,885.77,299.94,5744.0,42.63,0.866,-0.5,4.264,0.6332,-0.7739,3.114,12.249,8.06,3.324,0.0,0.0,0.0,2014,4
2014-04-11,1.46,-0.18,135.6,31.1,26.3,1.99,-285.03,-213.82,481.29,480.04,507.14,656.49,0.68,289.03,875.38,300.25,5753.0,41.0,0.866,-0.5,2.236,-0.4472,-0.8945,1.844,7.072,7.157,3.833,0.0,0.0,0.0,2014,4
2014-04-12,1.71,-0.64,150.59,26.5,24.7,48.35,-170.44,-109.81,490.7,484.53,651.45,722.38,14.55,290.34,890.17,300.16,5750.0,41.25,0.866,-0.5,1.414,-0.1415,-0.9901,2.973,14.276,13.366,0.447,0.0,0.0,0.0,2014,4
2014-04-13,5.18,0.52,117.98,22.7,23.7,29.54,-183.25,-107.28,381.7,375.27,665.58,702.85,0.4,290.5,893.56,300.01,5761.0,38.08,0.866,-0.5,1.985,-0.7557,0.6549,0.632,13.315,15.282,5.532,0.0,0.0,0.0,2014,4
2014-04-17,-5.62,-3.94,393.78,52.5,26.2,7386.86,-502.64,-474.82,85.68,85.66,611.98,642.59,1062.09,304.71,893.52,314.71,6185.0,151.5,0.866,-0.5,2.47,-0.9312,-0.3644,1.655,13.294,14.44,9.758,7.454787795329475,13.614202124002794,2.153807748465102,2014,4
2014-04-18,-0.79,-1.11,200.18,37.0,24.5,224.06,-70.54,-61.18,346.48,342.74,805.11,807.49,265.83,290.68,891.25,300.42,5762.0,53.97,0.866,-0.5,2.915,-0.3774,0.9262,2.193,16.144,18.913,7.471,0.0,0.0,0.0,2014,4
2014-04-20,-0.74,0.21,218.79,33.5,23.1,22.87,-162.45,-112.97,387.28,367.73,583.33,747.81,6.85,292.09,912.19,299.88,5779.0,49.43,0.866,-0.5,0.566,-0.7067,0.7067,4.738,2.5,3.008,6.45,25.40802116717145,22.411095605463164,5.426457002744091,2014,4
2014-04-22,0.61,-1.7,202.79,31.1,23.7,492.37,-69.82,-49.46,196.05,195.83,792.54,817.67,24.64,293.16,918.09,300.43,5774.0,46.42,0.866,-0.5,1.887,0.8479,-0.5299,6.641,12.065,10.179,9.305,0.0,0.0,0.0,2014,4
2014-04-24,0.74,-2.28,205.99,28.1,23.1,975.69,-46.82,-31.32,164.77,163.44,822.25,854.19,259.96,294.48,929.26,300.73,5781.0,48.01,0.866,-0.5,2.766,0.9761,-0.2169,5.701,13.231,11.364,3.257,0.0,0.0,0.0,2014,4
2014-04-25,3.06,0.46,182.98,21.4,21.9,25.57,-115.13,-65.03,272.97,273.1,670.24,721.13,2.98,292.25,907.27,300.5,5777.0,42.73,0.866,-0.5,0.4,-0.0,1.0,2.751,4.657,4.776,6.53,7.183291047431485,1.772879819409706,0.0,2014,4
2014-04-27,0.24,-1.71,203.4,32.2,22.5,555.82,-31.16,-23.6,169.74,169.72,847.53,856.99,325.59,293.24,910.1,301.26,5783.0,46.08,0.866,-0.5,2.2,1.0,-0.0,6.637,6.712,5.984,1.36,6.497003867591863,9.876328411448958,11.485464650135066,2014,4
2014-04-28,1.27,-0.95,187.21,25.5,23.9,93.5,-170.41,-80.66,387.9,382.29,583.85,744.3,51.21,292.12,903.74,300.7,5784.0,41.76,0.866,-0.5,2.302,0.9991,0.0434,5.801,2.46,1.204,4.707,0.0,0.0,0.0,2014,4
2014-04-29,2.23,-1.89,173.19,24.2,23.1,728.64,-44.39,-27.66,183.96,183.87,834.69,855.52,70.03,292.97,906.92,301.29,5771.0,50.26,0.866,-0.5,3.081,0.9737,0.2272,5.532,3.9,2.28,2.506,27.35028896500334,0.0,14.539365601529518,2014,4
2014-04-30,-1.37,-3.16,198.6,31.8,24.5,461.59,-60.73,-43.65,205.09,204.65,760.42,832.24,50.76,293.57,927.68,299.95,5774.0,51.86,0.866,-0.5,1.879,0.9047,0.4258,2.864,0.5,1.393,1.53,2.4715839776629314,0.0,2.7354398144235113,2014,4
2014-05-01,1.21,-1.83,182.2,30.8,23.7,650.58,-65.99,-42.15,192.1,191.81,773.65,807.83,1023.23,293.64,918.28,300.89,5783.0,52.65,0.5,-0.866,2.0,0.8,0.6,2.968,5.673,3.744,2.193,4.503937755265539,1.9198273645047563,10.83338802825939,2014,5
2014-05-02,1.5,-0.68,186.39,30.1,22.9,125.05,-85.19,-57.04,308.06,303.03,740.46,785.03,808.75,292.16,899.42,301.16,5785.0,47.87,0.5,-0.866,1.903,0.9984,-0.0526,2.335,5.345,3.624,1.0,0.0,0.0,0.0,2014,5
2014-05-04,-1.83,-2.37,226.18,33.7,24.1,621.11,-72.17,-51.0,187.18,187.16,779.41,826.78,103.11,293.35,915.06,300.91,5783.0,50.94,0.5,-0.866,5.201,0.9998,-0.0192,5.415,6.419,1.342,4.717,0.0,0.0,0.0,2014,5
2014-05-07,5.79,-0.6,136.19,22.5,24.9,28.02,-270.83,-111.26,455.72,442.24,550.31,732.59,4.75,291.47,893.33,301.03,5784.0,36.43,0.5,-0.866,5.284,0.8706,-0.4921,8.2,2.997,8.276,7.094,0.0,0.0,0.0,2014,5
2014-05-08,4.18,0.31,154.98,27.5,23.5,26.48,-156.13,-92.24,501.79,398.87,638.17,752.05,2.17,291.66,899.74,300.61,5774.0,46.34,0.5,-0.866,5.209,0.9983,-0.0576,5.772,2.319,2.961,2.83,0.0,0.0,0.0,2014,5
2014-05-09,0.99,-1.91,184.79,27.8,23.9,373.09,-113.01,-39.92,236.02,235.15,622.76,723.33,87.28,292.92,908.5,301.08,5795.0,49.77,0.5,-0.866,3.672,0.4902,-0.8715,3.89,3.176,1.972,4.472,0.0,0.13334215196754098,4.108246433022881,2014,5
2014-05-14,1.78,0.07,182.2,30.9,24.3,25.75,-280.19,-232.28,519.02,492.79,612.25,626.24,12.29,291.25,904.72,299.71,5773.0,48.88,0.5,-0.866,4.301,-0.9533,0.3023,4.342,10.171,13.448,4.965,8.795963795155284,0.0,0.0,2014,5
2014-05-15,2.64,-0.75,175.38,27.3,24.1,121.36,-223.1,-137.7,274.6,275.85,575.65,627.34,14.66,292.47,909.37,300.53,5789.0,48.21,0.5,-0.866,6.053,-0.9912,0.1322,4.101,8.832,12.51,5.22,0.0,0.0,0.0,2014,5
2014-05-16,2.69,-0.45,188.59,29.5,24.7,45.87,-186.21,-123.73,427.24,424.57,618.4,702.95,5.75,292.09,904.68,300.59,5797.0,49.68,0.5,-0.866,7.506,-0.9992,0.04,6.5,4.144,11.604,9.657,11.575225165179425,2.7447874032051964,0.0,2014,5
2014-05-19,2.3,-0.95,184.58,29.5,23.7,292.66,-157.13,-100.02,254.15,251.26,665.1,685.91,15.15,292.61,909.62,300.65,5782.0,52.59,0.5,-0.866,7.742,-0.8137,-0.5812,4.751,16.498,24.221,7.656,0.21041638267213636,0.0,6.798881914628294,2014,5
2014-05-20,1.5,-5.29,146.98,29.5,27.5,1082.95,-93.83,-32.82,176.29,176.18,753.16,812.86,28.16,294.58,931.85,300.61,5775.0,45.11,0.5,-0.866,7.245,-0.9386,-0.3451,6.008,5.501,12.532,6.772,0.0,0.0,0.0,2014,5
2014-05-21,5.08,0.81,165.79,26.7,23.3,30.06,-255.59,-162.27,382.88,372.63,547.06,553.58,3.88,291.36,890.83,301.17,5794.0,46.17,0.5,-0.866,6.705,-0.9545,-0.2983,4.205,10.359,16.739,5.554,0.0,0.0,0.0,2014,5
2014-05-23,1.26,-2.18,202.02,29.0,23.5,367.07,-19.21,-13.95,230.63,230.32,880.38,890.42,9.48,293.17,920.29,300.23,5774.0,50.95,0.5,-0.866,9.266,-0.8742,-0.4856,6.81,8.324,17.529,9.005,3.2149590442026015,2.1712355934381757,2.4746995119539417,2014,5
2014-05-24,2.67,-0.72,173.19,27.9,24.3,137.39,-207.11,-133.64,347.34,352.0,662.88,694.64,17.45,291.57,900.27,300.47,5781.0,45.36,0.5,-0.866,6.156,-0.731,-0.6823,3.883,8.839,14.993,5.508,11.13575530643331,2.037920429414678,22.84399501418639,2014,5
2014-05-26,2.35,-0.55,177.4,28.1,23.9,19.0,-162.85,-95.51,433.9,417.42,551.02,619.4,0.81,291.19,893.52,300.72,5772.0,47.98,0.5,-0.866,2.5,0.6,0.8,5.433,7.052,5.204,5.576,0.0,1.4604365116457938,0.5656425983251825,2014,5
2014-05-29,-2.89,-5.97,245.4,38.7,23.3,3311.81,0.0,0.0,108.19,108.29,970.51,970.16,570.03,298.4,983.28,299.86,5784.0,68.24,0.5,-0.866,4.219,-0.8533,0.5214,0.943,2.953,6.251,6.537,21.267846639848674,14.165745938228659,19.049668296837584,2014,5
2014-05-31,0.82,0.67,192.98,33.4,23.5,2.09,-285.72,-246.47,528.86,516.42,569.67,584.98,1.47,292.77,940.15,298.01,5787.0,55.81,0.5,-0.866,4.036,-0.7433,0.669,0.806,2.012,3.795,6.551,0.3158935184591482,2.7754124486799947,0.6172832519533362,2014,5
2014-06-01,0.25,-2.84,213.8,35.1,22.5,1301.89,-12.53,-7.04,146.76,146.71,879.85,901.02,325.26,295.22,936.12,300.86,5786.0,59.15,0.0,-1.0,1.965,0.2544,-0.9669,4.162,4.429,6.356,5.778,1.6124837846953168,0.0,3.1665496963021886,2014,6
2014-06-02,2.64,-0.64,160.41,30.3,24.1,91.78,-169.91,-117.16,303.39,302.48,622.54,686.91,40.22,292.59,914.36,300.19,5788.0,53.53,0.0,-1.0,2.193,-0.684,-0.7296,2.193,9.437,11.264,2.72,0.5107136967646074,0.0,0.0,2014,6
2014-06-03,2.56,-0.76,160.8,28.5,24.1,110.57,-245.64,-149.77,332.12,317.51,540.19,565.44,77.94,292.72,912.2,300.51,5806.0,50.41,0.0,-1.0,3.905,-0.9731,-0.2305,1.803,6.612,10.481,5.686,0.0,0.6615771290027492,1.6992784216095504,2014,6
2014-06-07,3.34,-0.62,205.39,26.7,22.5,335.5,-169.78,-45.97,209.98,209.81,571.9,825.9,2.88,293.63,914.79,301.22,5809.0,50.03,0.0,-1.0,10.341,-0.3191,-0.9477,9.458,15.435,25.626,4.441,0.0,16.720099533885275,4.343743282973768,2014,6
2014-06-08,4.46,0.19,158.58,25.1,23.3,0.29,-286.54,-74.62,485.64,479.15,494.93,772.76,0.03,291.42,891.98,301.11,5798.0,47.82,0.0,-1.0,9.706,-0.4636,-0.8861,7.272,11.421,20.742,3.041,5.718689140127483,0.4050149257497566,3.896783766521524,2014,6
2014-06-09,1.44,-1.64,232.42,29.3,22.1,538.79,-25.18,-13.48,199.44,199.13,846.82,871.34,35.02,294.1,916.76,301.52,5804.0,55.85,0.0,-1.0,10.771,-0.6592,-0.752,6.673,11.985,22.34,9.074,16.77656771615811,3.187412117224111,8.960045630982806,2014,6
2014-06-11,0.55,-3.56,224.59,29.2,22.9,1292.76,-3.82,-2.25,141.85,141.82,916.88,921.14,5454.54,295.33,929.79,301.54,5806.0,58.1,0.0,-1.0,8.322,-0.9373,-0.3485,6.127,15.84,24.137,9.343,7.909059103194801,3.855859015895256,3.539632695577017,2014,6
2014-06-13,3.36,0.26,261.01,30.6,21.3,45.93,-68.94,-34.07,396.31,389.9,737.35,754.83,0.53,291.47,884.81,301.86,5787.0,50.82,0.0,-1.0,18.718,-0.9296,-0.3686,15.344,22.8,39.95,11.122,0.0,5.531041265553545,0.0,2014,6
2014-06-19,4.78,0.51,202.6,21.3,22.5,58.52,-295.42,-47.86,400.56,394.57,533.09,811.33,22.28,290.52,878.25,301.5,5784.0,38.49,0.0,-1.0,10.754,-0.9206,-0.3906,6.485,20.409,31.161,9.813,0.0,0.0,0.0,2014,6
2014-06-20,-3.03,-0.81,260.02,42.0,24.5,162.92,-403.09,-443.25,354.24,354.02,577.27,577.26,13.07,292.92,932.93,298.82,5807.0,71.82,0.0,-1.0,9.633,-0.6644,-0.7474,6.438,19.479,28.042,8.936,8.790576529019372,9.077428617911744,31.74204489978749,2014,6
2014-06-21,3.11,-0.91,201.6,28.1,23.3,208.57,-62.42,-33.47,267.7,267.93,776.28,813.81,11.93,291.74,898.25,300.84,5776.0,45.58,0.0,-1.0,10.742,-0.8751,-0.4841,9.831,17.969,28.561,8.766,0.9311781633253927,0.0,0.0,2014,6
2014-06-22,1.85,-3.27,228.79,29.7,23.3,1507.65,-22.4,-7.84,162.12,161.94,857.14,879.73,70.92,294.31,918.33,301.58,5773.0,52.91,0.0,-1.0,9.75,-0.9333,-0.359,8.2,21.667,31.409,6.435,5.991209578385745,7.309732433838459,4.593379402596633,2014,6
2014-06-23,2.35,-1.93,213.78,30.1,24.7,272.81,-70.19,-36.95,320.29,316.27,763.28,801.73,35.2,291.68,893.16,301.27,5773.0,46.08,0.0,-1.0,12.125,-0.9072,-0.4206,12.128,23.881,36.003,6.721,0.0,0.0,0.0,2014,6
2014-06-25,7.72,3.94,169.19,16.9,21.3,5.78,-107.28,-72.02,731.12,723.45,765.29,783.52,3.3,287.33,841.63,301.84,5770.0,34.97,0.0,-1.0,12.095,-0.8433,-0.5374,7.506,17.666,29.732,10.316,0.0,0.0,0.0,2014,6
2014-06-26,4.88,0.25,190.39,22.3,23.1,130.03,-84.66,-53.94,331.97,330.59,790.15,815.26,6.53,291.2,893.88,300.7,5763.0,38.17,0.0,-1.0,13.264,-0.8142,-0.5805,7.649,19.677,32.845,12.692,0.0,0.0,0.0,2014,6
2014-07-03,4.51,-1.09,151.41,27.5,24.3,62.79,-157.78,-54.48,334.62,333.25,568.5,734.61,42.23,291.26,893.2,300.84,5769.0,45.13,-0.5,-0.866,8.57,-0.9802,-0.1984,6.11,16.688,25.252,8.045,0.0,0.0,0.0,2014,7
2014-07-06,2.18,-0.29,185.21,30.5,23.9,46.12,-174.01,-97.32,398.7,392.15,530.03,557.69,6.5,291.49,898.8,300.53,5781.0,49.63,-0.5,-0.866,8.628,-0.5331,-0.8461,6.5,12.587,19.969,7.622,0.0,0.0,0.0,2014,7
2014-07-08,5.72,-0.02,204.19,27.5,23.3,33.54,-61.88,-30.58,500.05,483.36,794.34,816.48,3.05,291.47,908.91,299.56,5754.0,48.02,-0.5,-0.866,18.778,-0.9639,-0.2663,13.322,14.359,32.947,14.202,0.0,11.79450091042346,0.0,2014,7
2014-07-11,0.96,-4.39,230.01,33.7,23.9,1478.05,-2.29,-0.29,153.28,153.23,923.33,930.07,123.12,294.94,932.91,300.86,5773.0,52.01,-0.5,-0.866,13.63,-0.9464,-0.3228,12.12,13.203,26.827,8.846,0.0,0.0,0.0,2014,7
2014-07-12,5.18,1.65,185.59,24.3,22.5,0.71,-88.13,-56.95,754.69,751.01,768.36,790.14,0.05,288.63,866.79,300.68,5764.0,41.54,-0.5,-0.866,12.084,-0.9848,-0.1738,10.066,15.901,27.895,13.098,0.0,0.0,0.0,2014,7
2014-07-13,3.7,-1.64,183.99,17.9,23.9,56.85,-40.23,-10.31,354.65,353.95,758.84,844.5,0.97,290.89,887.95,300.96,5764.0,40.72,-0.5,-0.866,13.315,-0.9238,-0.383,13.536,17.322,30.634,14.787,0.0,0.0,0.0,2014,7
2014-07-14,4.91,0.7,169.22,20.9,23.3,8.62,-257.77,-147.77,521.66,516.44,555.95,566.02,16.1,289.59,874.57,300.91,5770.0,39.14,-0.5,-0.866,11.109,-0.9182,-0.3961,6.549,21.508,32.617,12.292,0.0,0.0,0.0,2014,7
2014-07-16,2.95,-0.43,208.39,31.3,23.3,251.7,-118.14,-78.1,274.17,274.66,734.02,763.22,20.25,292.98,930.81,299.05,5768.0,48.79,-0.5,-0.866,8.096,-0.9017,-0.4323,4.295,19.763,27.765,2.433,0.0,0.0,0.0,2014,7
2014-07-17,2.58,1.2,195.79,32.5,22.9,12.58,-176.84,-170.59,569.02,568.32,680.19,681.2,0.33,290.21,900.0,299.1,5754.0,54.57,-0.5,-0.866,7.737,-0.9694,-0.2456,4.554,17.105,24.839,6.613,14.48297391728862,5.4559955432186715,2.3915525745083404,2014,7
2014-07-20,0.01,-2.65,343.68,27.3,23.7,620.62,-48.99,-28.7,214.09,213.56,820.29,870.64,8.9,293.44,922.81,300.27,5773.0,47.58,-0.5,-0.866,9.775,-0.8593,-0.5115,13.6,21.663,31.387,9.708,0.0,0.0,0.0,2014,7
2014-07-23,5.91,-0.57,175.21,22.5,23.9,81.09,-38.37,-11.19,390.68,385.55,805.84,825.41,27.34,290.4,883.51,300.87,5749.0,38.97,-0.5,-0.866,12.081,-0.9519,-0.3063,11.621,19.812,31.816,12.067,0.0,0.0,0.0,2014,7
2014-07-25,5.34,2.2,194.81,28.7,22.1,3.79,-112.07,-76.47,701.73,698.92,714.25,723.42,0.37,289.0,868.45,300.9,5760.0,44.01,-0.5,-0.866,9.89,-0.91,-0.4146,6.888,16.912,26.788,6.236,0.0,0.0,0.0,2014,7
2014-07-27,3.1,-0.78,197.61,28.3,25.5,55.39,-308.12,-176.44,387.3,384.67,545.67,713.86,14.12,291.27,907.71,299.45,5776.0,43.31,-0.5,-0.866,7.879,-0.9138,-0.4061,3.454,17.439,25.31,6.935,0.0,0.0,0.0,2014,7
2014-07-28,4.42,-0.61,188.41,20.3,23.1,36.03,-54.22,-23.89,369.2,365.24,771.2,839.75,30.55,291.13,894.33,300.58,5764.0,43.95,-0.5,-0.866,13.727,-0.9543,-0.2987,6.648,23.375,37.095,12.51,0.0,0.0,0.0,2014,7
2014-07-29,0.75,-2.72,236.58,33.4,23.9,333.47,-23.66,-11.54,245.16,244.72,846.13,865.17,77.72,292.21,903.3,300.83,5767.0,50.67,-0.5,-0.866,11.788,-0.9671,-0.2545,7.415,14.334,26.122,7.762,0.0,0.0,0.0,2014,7
2014-07-30,4.78,0.09,190.61,26.3,22.5,106.23,-57.66,-32.42,294.62,293.56,797.37,817.49,22.62,291.75,901.79,300.51,5773.0,46.49,-0.5,-0.866,9.171,-0.9486,-0.3162,5.8,16.205,25.118,8.045,0.0,0.0,0.0,2014,7
2014-07-31,3.26,-0.39,195.21,30.4,20.9,183.82,-51.42,-47.79,382.41,372.29,854.71,855.3,44.53,291.53,898.16,300.62,5761.0,51.19,-0.5,-0.866,7.612,-0.9853,-0.1708,4.54,23.538,31.057,9.508,1.745955936928762,3.6047777206251426,4.558089648176633,2014,7
2014-08-02,6.81,-0.97,120.19,15.5,24.9,53.5,-10.19,-4.82,382.51,365.57,892.01,892.68,8.25,291.05,893.07,300.63,5769.0,36.55,-0.866,-0.5,8.365,-0.8846,-0.4662,5.822,27.4,35.71,8.677,0.0,0.0,0.0,2014,8
2014-08-06,4.29,0.97,210.41,28.6,21.9,16.0,-86.17,-46.23,535.11,532.88,687.83,734.49,0.48,290.29,895.52,299.61,5755.0,49.72,-0.866,-0.5,11.963,-0.7858,-0.6186,7.441,9.972,21.91,3.821,27.673187695237228,1.3220808507816453,0.0,2014,8
2014-08-12,1.74,-1.1,212.42,30.3,23.1,137.65,-40.49,-13.36,250.37,248.17,730.42,816.99,54.68,291.95,906.81,300.24,5753.0,45.47,-0.866,-0.5,7.69,-0.9363,0.3511,2.059,15.915,23.186,16.183,0.0,0.0,0.0,2014,8
2014-08-14,2.22,-1.33,196.99,31.5,22.9,443.78,-40.83,-11.41,222.8,222.57,745.18,886.6,3816.26,293.0,923.38,299.77,5764.0,49.38,-0.866,-0.5,6.736,-0.9947,0.1039,1.237,16.701,23.405,14.484,0.0,0.0,0.0,2014,8
2014-08-19,2.53,-1.31,186.58,31.9,22.1,274.22,-17.04,-14.25,324.24,321.56,897.92,898.47,81.52,292.12,911.06,300.02,5749.0,52.41,-0.866,-0.5,5.579,-0.9679,0.2509,2.022,13.706,19.185,9.341,0.0,0.0,0.0,2014,8
2014-08-20,3.27,-0.11,167.8,32.7,23.3,4.62,-84.52,-51.69,436.47,427.78,744.24,778.67,0.26,291.26,905.29,299.68,5767.0,49.53,-0.866,-0.5,4.701,-0.9998,0.0213,3.138,14.081,18.696,3.64,0.0,0.0,0.0,2014,8
2014-08-21,4.14,-0.22,141.8,28.7,23.3,42.63,-138.0,-77.29,388.09,374.91,653.76,713.92,11.17,293.09,950.08,297.43,5757.0,47.96,-0.866,-0.5,2.433,-0.9864,0.1644,0.922,13.097,15.261,3.581,6.399237742178509,19.256066590108595,12.408530316047083,2014,8
2014-08-23,2.73,1.85,188.2,28.6,22.5,0.11,-179.41,-155.35,651.97,634.49,665.53,695.27,0.0,290.69,903.2,299.28,5768.0,46.84,-0.866,-0.5,4.727,0.9943,0.1058,9.552,15.048,10.439,3.922,0.0,0.0,0.0,2014,8
2014-08-24,2.12,-0.03,178.81,29.0,23.1,27.54,-163.39,-107.86,366.2,362.39,620.88,658.66,10.96,292.07,923.66,298.8,5760.0,46.88,-0.866,-0.5,2.648,0.9819,0.1888,5.852,12.302,9.705,4.346,27.618084450429176,1.4661830457477696,0.0,2014,8
2014-08-29,5.58,1.17,169.6,18.9,22.1,6.89,-47.84,-28.88,565.46,543.55,807.38,827.62,1.18,289.89,882.66,300.42,5752.0,40.96,-0.866,-0.5,8.571,-0.9917,-0.1283,9.297,21.587,29.916,8.286,0.0,0.0,0.0,2014,8
2014-08-31,5.05,0.82,141.59,19.7,23.9,30.11,-274.03,-167.69,522.71,519.76,595.97,621.2,1.59,289.98,891.76,299.64,5758.0,37.49,-0.866,-0.5,2.502,-0.9992,0.04,4.319,18.436,20.796,7.971,0.0,0.0,0.0,2014,8
2014-09-01,3.03,-0.89,151.59,21.9,25.1,84.24,-205.74,-149.3,450.05,448.05,662.7,703.29,21.74,291.59,923.35,298.34,5757.0,45.57,-1.0,-0.0,3.64,-0.9615,0.2747,6.313,19.313,22.496,5.685,6.308677294071514,6.86887544603392,6.343405454783521,2014,9
2014-09-02,3.48,-2.53,157.78,25.9,23.5,474.82,-22.83,-11.33,269.01,269.12,857.58,882.68,406.86,292.24,910.48,300.19,5737.0,45.79,-1.0,-0.0,2.983,-0.9722,-0.2347,4.206,18.861,21.695,3.97,0.0,0.0,0.0,2014,9
2014-09-03,4.04,0.66,152.82,26.1,24.7,26.79,-284.04,-205.8,532.18,530.68,588.68,601.68,1.88,289.85,889.32,299.76,5754.0,41.87,-1.0,-0.0,4.478,-0.9156,-0.402,4.885,21.049,25.526,6.378,0.0,0.0,0.0,2014,9
2014-09-06,4.86,-1.58,188.2,24.5,22.9,318.79,-7.89,-3.53,253.54,252.62,844.97,897.14,96.1,291.61,897.14,300.81,5743.0,45.56,-1.0,-0.0,8.548,-0.9944,-0.1053,7.69,16.56,24.284,10.296,0.0,0.0,0.0,2014,9
2014-09-10,0.09,-0.19,251.62,37.1,21.5,112.31,-5.03,-5.89,490.66,491.06,905.36,905.44,2.95,293.59,960.51,297.0,5746.0,62.95,-1.0,-0.0,10.412,-0.9988,0.048,3.982,10.959,20.73,7.029,4.187858710773575,1.1732293886796676,3.3746773911272085,2014,9
2014-09-12,3.43,0.49,185.62,27.3,22.5,0.46,-263.67,-136.85,379.89,379.18,388.3,607.38,0.05,292.45,941.64,297.54,5766.0,50.02,-1.0,-0.0,8.438,-0.9955,-0.0948,5.492,6.313,14.749,4.501,0.0,0.0,0.0,2014,9
2014-09-19,2.85,-0.27,175.78,31.4,22.3,474.56,-70.83,-50.7,211.78,211.4,794.52,821.3,372.66,293.84,939.45,299.14,5775.0,51.46,-1.0,-0.0,1.0,-0.8,0.6,3.178,14.895,15.848,3.354,15.089844695195243,13.881164164259127,7.500960623263664,2014,9
2014-10-10,8.3,1.39,91.19,19.7,24.1,2.96,-523.84,-392.01,381.49,381.2,395.45,397.42,0.07,291.18,920.65,298.17,5777.0,39.65,-0.866,0.5,3.106,-0.8371,-0.5473,4.61,10.102,13.159,8.374,0.0,0.0,0.0,2014,10
2014-10-12,3.08,-0.93,155.38,30.3,24.9,82.28,-138.18,-94.6,392.02,390.31,711.18,741.12,23.45,291.13,901.76,299.87,5756.0,46.56,-0.866,0.5,3.86,-0.8031,0.5959,4.383,11.176,12.434,8.778,0.0,2.9109989473005307,0.0,2014,10
2014-10-21,3.87,-0.27,180.82,28.1,22.7,163.02,-98.11,-52.86,316.94,299.46,697.45,781.71,10.21,293.03,937.95,298.46,5766.0,45.93,-0.866,0.5,6.017,0.2659,-0.9639,5.544,8.654,6.871,5.064,0.0,0.0,0.0,2014,10
2014-10-22,1.63,-2.96,187.01,32.9,24.7,704.96,-40.81,-19.29,208.11,208.02,798.49,844.31,79.43,293.67,933.58,299.5,5753.0,49.86,-0.866,0.5,5.263,0.969,-0.247,7.701,12.732,9.571,3.65,9.889799055496034,0.0,2.4987052990952847,2014,10
2014-10-31,2.41,-1.58,178.58,30.8,22.9,288.68,-30.97,-19.94,251.9,251.49,825.99,899.74,19.74,293.47,931.33,299.51,5764.0,50.0,-0.866,0.5,5.001,0.9798,0.2,5.689,13.315,9.265,2.402,0.3310689644576097,0.0,0.0,2014,10
2014-11-06,2.86,0.23,172.19,28.1,24.5,5.45,-226.26,-176.21,541.68,462.8,627.34,662.45,1.78,289.36,880.34,300.1,5757.0,44.93,-0.5,0.866,7.201,-0.7916,-0.611,1.063,20.797,27.908,9.596,1.4700910154455924,3.6850722443997896,1.6085632225895141,2014,11
2014-11-11,0.18,-2.9,206.59,32.3,24.5,675.32,-47.27,-26.64,199.65,198.93,794.01,833.45,110.58,293.95,938.49,299.35,5775.0,51.71,-0.5,0.866,8.222,0.6568,-0.7541,7.441,4.272,4.904,7.5,5.363380082131987,0.0,0.0,2014,11
2014-11-13,6.81,0.41,111.39,14.5,24.3,0.0,-327.92,-210.73,479.37,477.2,482.55,492.76,0.0,290.54,899.02,299.53,5766.0,40.7,-0.5,0.866,7.225,0.9965,-0.083,8.001,7.286,5.189,1.64,0.0,0.0,0.0,2014,11
2014-11-18,5.12,1.28,199.61,24.5,21.7,8.93,-167.04,-56.68,575.95,570.19,637.48,809.22,0.36,290.85,901.42,299.63,5765.0,46.08,-0.5,0.866,10.617,0.9984,0.0565,12.333,10.171,5.977,5.554,0.0,0.0,0.0,2014,11
2014-11-19,3.6,-0.76,229.38,30.7,21.9,572.96,-17.91,-7.47,183.08,182.89,890.99,907.77,151.1,294.12,942.17,299.2,5771.0,51.41,-0.5,0.866,9.601,0.9999,0.0104,12.336,14.142,7.446,2.214,3.0621540340013436,0.0,0.0,2014,11
2014-11-23,1.1,-0.93,203.78,34.1,22.7,64.18,-38.97,-25.85,325.31,323.4,817.92,836.32,5.55,293.1,929.16,299.34,5783.0,54.18,-0.5,0.866,6.485,0.9561,0.293,5.532,6.629,3.214,1.456,0.0,0.0,0.0,2014,11
2014-11-26,3.78,1.6,159.59,29.8,23.5,9.38,-188.4,-155.4,560.29,536.07,636.92,678.69,0.7,289.57,887.79,299.6,5750.0,45.89,-0.5,0.866,4.934,0.9526,0.304,7.157,9.101,4.617,4.518,0.2690863809533843,1.6405135403997173,3.2112506116171238,2014,11
2014-11-27,2.86,0.46,157.59,27.7,24.9,8.09,-319.58,-253.7,534.16,514.92,602.1,622.92,2.21,290.56,900.16,299.44,5772.0,44.61,-0.5,0.866,3.195,0.939,0.3443,1.709,10.907,7.931,4.314,0.0,0.0,0.0,2014,11
2014-12-01,2.29,-1.56,201.8,22.4,22.5,990.23,-34.94,-19.36,157.1,157.04,815.01,864.39,72.13,293.84,917.9,301.13,5781.0,44.45,-0.0,1.0,3.041,0.7234,0.6906,5.36,18.278,17.088,4.771,0.0,0.0,0.0,2014,12
2014-12-05,-1.17,-1.95,219.98,32.7,24.7,385.56,-127.84,-86.79,256.98,254.94,654.92,676.43,49.74,292.69,924.79,299.32,5766.0,53.4,-0.0,1.0,3.932,0.9919,0.1272,4.441,20.143,16.484,5.728,0.0,0.0,0.0,2014,12
2014-12-23,2.09,1.81,264.39,35.5,19.3,0.69,-24.64,-28.28,831.63,831.7,858.4,858.35,0.04,292.96,934.37,298.72,5781.0,69.92,-0.0,1.0,11.229,0.9974,-0.0712,13.238,10.683,9.349,1.487,6.353533580961876,15.782888194586127,1.5452193523471247,2014,12
2015-03-21,3.34,0.68,180.58,13.2,21.9,175.66,-133.01,-75.76,247.96,246.81,750.8,786.5,8.69,292.68,918.63,299.88,5770.0,31.57,1.0,0.0,15.124,-0.3074,-0.9516,17.195,24.101,28.254,14.932,0.0,0.0,0.0,2015,3
2015-03-22,6.04,0.34,125.78,5.1,22.7,133.6,-82.46,-43.75,254.09,253.39,773.97,791.48,33.83,292.39,915.28,299.89,5768.0,36.46,1.0,0.0,11.004,0.5299,0.848,12.592,17.883,9.693,5.0,0.0,0.0,0.0,2015,3
2015-03-26,2.86,0.22,177.6,24.7,24.9,3.84,-278.78,-170.55,407.67,406.34,436.34,659.04,0.68,291.07,909.08,299.12,5760.0,39.89,1.0,0.0,18.756,0.682,-0.7314,19.926,23.827,19.434,10.21,0.0,0.0,0.0,2015,3
2015-03-27,4.7,-2.47,196.59,23.5,24.7,846.91,-89.08,0.0,164.61,164.6,746.08,936.21,209.18,293.97,936.21,299.58,5774.0,40.76,1.0,0.0,3.523,0.2656,0.9641,6.805,17.745,16.4,8.469,4.589180934842783,39.35000766069408,3.0933156556357324,2015,3
2015-03-28,4.69,-1.11,169.8,18.7,25.3,133.38,-169.16,-88.53,311.09,300.3,657.62,735.82,46.19,292.36,916.84,299.72,5771.0,41.03,1.0,0.0,5.648,0.8934,0.4493,8.506,18.031,12.6,6.748,0.0,0.21411971949289588,0.0,2015,3
2015-03-29,2.88,-0.34,170.82,23.9,25.5,64.37,-254.35,-159.6,410.79,406.24,631.61,704.72,29.23,291.28,905.36,299.69,5773.0,39.17,1.0,0.0,5.019,0.2113,0.9774,9.724,25.408,22.474,11.73,0.0,0.0,0.0,2015,3
2015-03-30,-2.24,-5.89,234.19,29.0,24.9,2252.71,0.0,0.0,122.91,122.86,962.83,963.18,625.07,297.05,971.47,299.53,5789.0,56.83,1.0,0.0,5.429,0.213,0.977,10.456,27.212,24.044,12.545,7.799008831083275,0.10810743884849233,11.453814318403193,2015,3
2015-03-31,0.93,-0.03,199.78,35.5,22.9,181.37,-145.66,-129.27,359.74,356.23,726.17,734.21,41.66,293.92,952.23,298.08,5781.0,57.02,1.0,0.0,3.471,0.9532,0.3024,3.814,4.958,3.782,1.949,2.0358155418323727,13.813781251367528,4.412433959236732,2015,3
2015-04-01,0.54,-2.01,208.98,29.3,23.3,866.11,-79.93,-33.59,167.81,167.63,705.6,738.41,74.54,293.77,918.63,301.0,5792.0,50.87,0.866,-0.5,5.583,0.2096,0.9778,10.884,28.553,25.322,13.215,1.332952088124573,1.115163654776529,0.13472701331517842,2015,4
2015-04-02,1.48,0.78,187.61,30.3,23.5,45.04,-137.18,-112.97,381.93,379.37,729.96,752.18,134.29,290.57,886.77,300.73,5774.0,45.5,0.866,-0.5,13.624,0.832,-0.5548,17.232,29.257,22.126,11.248,6.2578119536933805,10.23885567480805,18.895836889521686,2015,4
2015-04-03,0.26,-3.12,173.8,31.9,25.5,767.6,-98.29,-52.5,192.3,192.3,720.57,760.86,661.75,293.79,923.93,300.52,5781.0,48.17,0.866,-0.5,5.712,0.1925,0.9813,11.204,29.512,25.895,13.562,0.0,0.0,0.0,2015,4
2015-04-04,2.36,-1.91,177.78,28.7,24.3,717.41,-92.61,-60.53,184.88,183.1,814.28,825.19,676.6,293.71,922.11,300.61,5789.0,46.17,0.866,-0.5,5.344,0.1857,0.9826,10.292,26.786,23.167,12.159,0.0,0.0,0.0,2015,4
2015-04-05,1.9,-2.56,193.61,18.5,23.7,1321.57,-86.35,-46.51,138.6,137.97,741.28,843.61,545.16,295.27,935.38,300.98,5801.0,39.58,0.866,-0.5,16.001,0.6984,-0.7157,18.983,28.921,24.992,12.68,0.0,0.0,0.0,2015,4
2015-04-06,-0.05,-0.78,207.19,17.7,23.1,267.0,-171.53,-79.08,251.1,250.54,642.04,791.44,22.23,293.95,947.25,298.57,5782.0,44.53,0.866,-0.5,3.89,0.2267,0.974,7.492,19.498,17.417,9.062,0.0,0.0,0.0,2015,4
2015-04-07,-1.36,-1.45,242.59,25.9,24.1,757.75,-160.22,-90.83,168.44,168.24,657.45,707.26,207.03,293.15,905.28,301.62,5793.0,43.22,0.866,-0.5,8.1,0.742,0.6704,8.484,9.765,2.495,1.315,8.871646843270993,12.719784663516972,10.103401245551222,2015,4
2015-04-08,1.29,-2.27,178.59,30.9,26.1,270.24,-212.75,-136.56,277.21,275.95,681.09,707.09,33.92,293.3,928.73,299.58,5779.0,42.87,0.866,-0.5,3.116,0.213,0.977,6.001,15.619,13.793,7.198,0.0,0.0,0.0,2015,4
2015-04-09,5.68,0.16,157.4,18.5,22.3,108.55,-148.06,-46.97,275.23,273.6,678.83,731.46,8.17,293.06,926.12,299.57,5768.0,33.67,0.866,-0.5,10.862,0.7934,-0.6088,12.355,17.33,9.776,5.025,0.0,0.0,0.0,2015,4
2015-04-11,-1.5,-5.9,245.41,37.6,24.5,3218.0,0.0,0.0,111.79,111.79,951.52,956.16,625.9,297.97,975.88,300.08,5780.0,61.43,0.866,-0.5,5.877,0.1959,0.9806,11.457,30.057,26.347,13.794,0.0,0.44608298893201015,1.676907602916827,2015,4
2015-04-12,-0.27,-3.3,212.0,34.6,24.7,1125.69,-80.11,-45.18,150.63,150.56,746.02,824.67,183.72,294.47,935.66,300.15,5784.0,52.51,0.866,-0.5,0.295,0.4894,0.8721,0.571,1.493,1.656,0.853,0.5055290888174917,3.8525118862176604,1.0200368621706595,2015,4
2015-04-14,0.91,-0.86,226.82,34.8,23.3,291.46,-68.57,-53.56,268.7,269.83,791.78,806.93,27.24,293.75,943.9,298.66,5768.0,53.11,0.866,-0.5,1.741,0.1994,0.9799,3.353,8.725,7.628,3.991,13.536614549971302,1.8385438185001102,5.09856545884777,2015,4
2015-04-15,-1.61,-1.51,267.19,37.3,24.1,640.42,-89.57,-77.08,169.39,167.11,722.81,742.45,292.58,295.19,971.82,297.63,5781.0,63.35,0.866,-0.5,6.265,0.2419,0.9703,12.066,31.402,28.386,14.727,6.893521292691865,2.511946068004333,0.277354847914836,2015,4
2015-04-16,-1.16,-2.98,222.4,34.9,24.7,746.59,-68.59,-50.26,186.95,185.53,818.07,830.48,142.07,293.77,929.13,300.02,5772.0,51.81,0.866,-0.5,10.284,0.9999,0.014,15.08,31.068,20.809,11.201,9.189697073007245,7.525956097531296,1.0150003694301029,2015,4
2015-04-17,5.1,-0.77,142.6,27.1,24.3,93.32,-167.88,-96.71,293.13,290.34,715.14,747.91,11.58,292.75,926.1,299.28,5779.0,35.91,0.866,-0.5,4.741,0.2181,0.9759,9.131,23.764,21.062,10.98,0.0,0.0,0.0,2015,4
2015-04-18,-2.08,-5.05,215.79,34.4,25.5,887.49,-19.03,-11.71,181.58,179.5,878.13,892.71,140.56,294.0,927.33,300.43,5778.0,51.15,0.866,-0.5,3.755,0.2164,0.9763,7.232,18.822,16.658,8.688,8.448987730230849,0.0,0.0,2015,4
2015-04-19,0.42,-4.34,194.6,31.6,24.3,1928.88,-22.63,-14.15,128.9,128.77,896.33,906.87,124.63,295.48,934.24,301.3,5798.0,49.87,0.866,-0.5,2.38,0.23,0.9732,4.584,11.931,10.686,5.556,8.612261977251555,0.0,0.0,2015,4
2015-04-20,-0.41,-0.42,193.21,33.0,24.9,9.93,-235.06,-178.67,470.4,465.68,525.14,683.68,0.53,291.33,914.67,298.87,5771.0,47.95,0.866,-0.5,4.149,0.2284,0.9736,7.99,20.795,18.586,9.669,0.0,0.0,0.0,2015,4
2015-04-21,-0.73,-4.53,213.59,24.8,24.5,2137.86,-20.36,-9.71,126.31,126.29,852.48,888.32,100.14,295.35,931.0,301.46,5790.0,50.0,0.866,-0.5,12.856,0.3665,0.9304,15.267,23.305,13.111,6.802,27.68849263908921,7.017500816713544,0.0,2015,4
2015-04-22,2.84,-3.8,149.21,16.9,26.3,1003.11,-79.89,-48.08,168.29,168.08,815.1,830.43,108.74,293.51,915.42,301.03,5771.0,39.8,0.866,-0.5,4.502,0.225,0.9744,8.749,22.905,20.51,10.674,3.2612924506396093,0.0,0.0,2015,4
2015-04-23,-4.83,-7.94,287.01,36.0,25.5,4233.38,-4.82,-3.37,96.86,96.88,920.62,927.95,1590.71,297.85,952.86,302.0,5794.0,62.63,0.866,-0.5,6.095,0.1685,0.9857,11.808,30.854,26.438,13.924,0.0,0.0,0.0,2015,4
2015-04-25,2.95,-0.42,185.41,26.5,23.3,260.2,-114.1,-77.57,275.09,276.25,764.39,794.42,402.01,292.39,915.98,299.84,5758.0,46.75,0.866,-0.5,1.322,0.8746,0.4848,2.57,6.728,7.302,5.241,0.0,0.0,0.0,2015,4
2015-04-26,2.75,-2.05,169.41,21.9,25.7,251.82,-142.94,-84.19,285.34,285.59,730.03,761.66,113.31,292.38,911.96,300.21,5769.0,43.33,0.866,-0.5,5.918,0.2385,0.9711,11.502,30.113,27.281,14.157,18.67667528001757,5.116513688153287,9.71858677073325,2015,4
2015-04-27,-0.83,-1.32,240.21,29.7,23.1,618.83,-79.49,-61.51,179.82,179.58,803.13,818.56,62.4,293.9,930.45,300.04,5774.0,47.66,0.866,-0.5,4.855,0.23,0.9732,9.378,24.454,21.918,11.398,0.0,0.0,0.0,2015,4
2015-04-28,0.67,-3.56,194.2,28.1,24.5,1476.36,-37.08,-17.27,146.51,146.29,823.36,865.35,4174.2,294.8,939.82,300.09,5769.0,49.15,0.866,-0.5,11.276,0.9945,0.1045,15.512,29.635,18.402,9.902,0.0,0.0,0.0,2015,4
2015-04-29,2.84,-2.08,164.41,24.1,23.9,804.1,-63.06,-37.61,143.79,143.59,815.12,836.53,255.94,293.94,921.73,300.88,5798.0,49.37,0.866,-0.5,29.9,0.5577,-0.83,29.9,29.9,28.23,15.646,1.5302149653370627,6.603688409909848,0.0,2015,4
2015-04-30,-0.86,-2.11,219.0,35.4,23.3,562.47,-56.07,-54.18,202.55,201.92,828.14,841.18,58.19,294.95,961.83,298.28,5782.0,62.06,0.866,-0.5,4.903,0.2554,0.9668,9.442,24.574,22.462,11.624,10.91466047812259,2.6887449500718725,13.545239102184484,2015,4
2015-05-01,2.46,-0.64,172.79,30.1,23.7,138.73,-133.24,-94.9,361.28,354.0,725.9,735.72,11.06,293.16,935.39,298.83,5773.0,50.34,0.5,-0.866,4.716,0.213,0.977,9.138,23.877,21.149,11.034,6.03936515595426,0.0,1.5333365118079463,2015,5
2015-05-02,0.65,-1.12,214.01,37.5,22.5,695.79,-48.94,-37.27,181.41,181.22,827.14,839.8,112.57,293.39,916.88,300.77,5776.0,58.1,0.5,-0.866,7.13,-0.9874,-0.1582,11.376,25.531,32.283,17.951,4.844975928503271,2.9103100429894524,6.952219305291082,2015,5
2015-05-03,-0.45,-4.03,207.19,30.1,23.5,1675.36,-22.91,-4.07,158.15,157.31,865.4,922.91,131.48,295.87,950.29,300.22,5780.0,53.67,0.5,-0.866,14.227,-0.4321,-0.9018,16.971,26.117,31.652,16.662,4.39791887962267,0.16562642124142693,2.742919695587795,2015,5
2015-05-04,2.1,-0.51,186.6,27.7,23.9,204.48,-239.29,-168.03,221.07,220.41,609.54,647.51,25.87,293.12,933.31,298.99,5791.0,47.27,0.5,-0.866,3.377,0.1857,0.9826,6.504,16.927,14.628,7.679,0.40985971532787746,4.029649992320492,4.8612250321104415,2015,5
2015-05-05,1.34,-2.47,186.41,27.7,24.5,783.11,-57.13,-35.81,184.09,184.09,800.98,821.36,69.83,292.86,897.56,302.06,5790.0,50.64,0.5,-0.866,3.066,0.309,0.9511,5.977,15.68,15.136,7.762,0.0,0.0,0.0,2015,5
2015-05-06,-2.07,-4.1,212.01,40.0,23.9,1297.55,-16.83,-12.98,174.59,174.44,877.3,887.5,297.94,294.92,940.82,300.12,5779.0,64.51,0.5,-0.866,4.431,-0.9949,-0.1011,7.195,16.411,20.248,10.923,20.434877216012932,2.1460438783913034,7.5580471467780095,2015,5
2015-05-08,-0.93,-3.3,196.57,35.1,24.1,1099.0,-53.79,-34.97,159.6,159.42,820.63,847.64,155.29,294.36,922.36,301.25,5783.0,55.38,0.5,-0.866,19.263,-0.2823,-0.9593,23.38,37.101,43.698,22.786,7.875171996284696,0.0,3.8029229068770736,2015,5
2015-05-10,-1.3,-2.5,229.61,39.7,21.9,1320.63,-4.17,-5.0,136.81,136.73,922.53,922.42,85.9,296.63,977.23,298.6,5761.0,69.47,0.5,-0.866,7.186,-0.6858,-0.7278,11.54,26.053,29.299,14.999,0.0,0.0,0.12716156507217297,2015,5
2015-05-11,0.4,-3.42,183.4,32.3,24.1,1750.43,-36.14,-19.61,0.0,0.0,843.8,868.57,724.95,294.46,929.74,300.67,5793.0,55.94,0.5,-0.866,7.459,0.5864,0.81,8.175,10.561,3.157,1.696,14.091525014692072,3.3887780807378935,2.427915797166046,2015,5
2015-05-12,-1.13,-6.02,203.59,36.1,24.9,2401.28,-0.72,-0.43,126.09,126.07,941.97,945.15,1503.31,297.33,966.31,300.28,5789.0,63.87,0.5,-0.866,4.508,0.1857,0.9826,8.683,22.597,19.547,10.259,8.931088549608775,8.062875114533945,0.1270112544295634,2015,5
2015-05-13,0.55,-2.81,203.59,35.0,22.9,1001.12,-14.64,-4.99,172.72,172.34,860.66,895.17,6894.04,295.21,939.67,300.53,5786.0,57.14,0.5,-0.866,4.938,0.3074,0.9516,9.568,24.999,23.989,12.307,24.522155200239222,11.408928866930465,0.0,2015,5
2016-07-03,-1.94,-7.45,218.79,32.7,24.3,3864.98,-0.1,0.0,107.24,107.25,943.87,953.7,312.44,298.61,976.31,300.67,5793.0,65.36,-0.5,-0.866,6.356,-0.2203,-0.9755,6.002,21.489,25.548,3.513,2.697267086230058,5.250925696161277,12.22628531557241,2016,7
2016-07-06,0.98,-2.37,245.59,35.2,24.1,403.64,-61.47,-37.19,247.51,246.44,813.57,832.01,56.62,293.12,905.77,301.53,5783.0,57.08,-0.5,-0.866,11.231,-0.9082,-0.4185,4.504,15.731,26.946,14.403,0.0,0.0,0.0,2016,7
2016-07-07,8.02,-0.63,195.2,22.2,17.1,265.32,-12.98,-9.06,259.83,258.7,897.34,905.36,9.32,294.27,934.71,300.02,5786.0,53.97,-0.5,-0.866,8.476,-0.9438,-0.3303,8.613,20.082,26.753,3.324,0.0,0.0,0.0,2016,7
2016-07-09,0.66,-4.08,278.73,26.8,24.3,996.23,-17.49,-8.12,189.6,188.71,861.07,892.4,46.31,294.38,926.76,300.87,5782.0,51.17,-0.5,-0.866,10.429,-0.9685,-0.2493,11.029,16.371,26.631,6.135,0.0,0.0,0.0,2016,7
2016-07-10,1.32,-2.91,205.01,30.1,24.1,467.19,-38.07,-18.11,269.45,270.5,794.53,859.2,28.55,293.19,911.88,301.04,5779.0,49.03,-0.5,-0.866,9.688,-0.9909,-0.1342,8.006,18.554,27.295,5.941,0.0,0.0,0.0,2016,7
2016-07-19,1.93,-1.37,209.22,34.9,22.9,212.85,-35.22,-27.4,371.9,371.28,838.77,856.64,19.64,293.38,939.11,298.71,5759.0,55.49,-0.5,-0.866,9.403,-0.8402,0.5424,5.064,10.312,18.772,15.207,9.46266940446613,8.726434727964845,19.42980012212856,2016,7
2016-07-22,-0.88,-5.12,226.79,37.4,22.7,2644.3,-1.61,-0.34,111.33,111.31,921.65,936.7,207.64,297.25,969.38,299.92,5779.0,66.84,-0.5,-0.866,5.686,-0.5628,-0.8266,4.464,9.362,14.103,12.604,3.621608259549365,4.98231971388341,3.517132293719337,2016,7
2016-07-25,2.68,-0.85,182.98,31.9,22.9,234.61,-57.74,-37.25,323.61,322.66,806.46,842.84,11.46,292.74,924.45,299.4,5758.0,52.06,-0.5,-0.866,6.113,0.0654,-0.9979,7.301,10.4,11.714,6.5,1.9621680278987519,0.0,11.072344999750364,2016,7
2016-07-28,2.06,-0.35,192.8,33.6,24.1,17.07,-145.58,-102.99,491.28,484.9,707.81,725.61,3.63,291.85,912.96,299.56,5770.0,49.64,-0.5,-0.866,7.134,-0.9952,0.0981,3.764,12.709,18.879,0.806,0.0,0.0,0.0,2016,7
2016-07-30,-0.49,-3.88,223.22,29.9,24.3,812.19,-35.68,-20.19,194.93,194.85,853.65,869.92,50.07,294.39,933.79,300.23,5774.0,50.19,-0.5,-0.866,5.955,-0.7557,-0.6549,7.779,19.558,25.47,1.393,0.0,0.0,0.0,2016,7
2018-07-05,0.99,-2.19,257.79,35.9,20.3,1784.45,-1.33,-1.06,133.98,134.03,935.65,937.35,64.55,296.13,965.13,299.17,5768.0,66.87,-0.5,-0.866,10.937,-0.3649,-0.9311,17.03,37.341,43.708,22.627,1.3320248786832118,2.9429373591750876,10.112973707343212,2018,7
2018-07-06,0.92,-3.91,281.79,36.0,21.9,2536.81,0.0,0.0,128.19,128.04,946.76,946.76,58.91,296.17,946.76,300.85,5758.0,61.35,-0.5,-0.866,6.869,-0.9171,-0.3987,10.494,22.576,28.147,15.092,9.82097657830062,0.0,18.544540254438623,2018,7
2018-07-08,2.46,-1.27,210.82,27.1,23.7,249.95,-98.32,-44.57,209.01,208.96,719.96,751.24,16.85,292.42,906.33,300.78,5791.0,45.16,-0.5,-0.866,6.558,0.2045,0.9789,12.945,34.237,30.43,15.891,0.0,0.0,0.0,2018,7
2018-07-09,3.39,-0.98,220.2,30.2,23.1,163.39,-56.21,-18.0,396.82,392.88,718.74,885.69,7.62,292.97,928.3,299.28,5764.0,55.86,-0.5,-0.866,5.684,0.2215,0.9751,11.185,29.522,26.557,13.821,0.46134328564849203,0.24407714234006733,0.26462636351717583,2018,7
2018-07-10,4.05,1.41,218.98,30.4,21.7,4.8,-83.15,-57.49,650.63,618.13,729.55,730.11,1.2,290.51,895.2,299.86,5759.0,51.34,-0.5,-0.866,10.886,-0.4274,-0.9041,17.892,41.245,44.919,22.865,7.95904759520753,2.980576028259586,0.0,2018,7
2018-07-11,2.91,-1.81,228.6,27.3,23.5,325.19,-40.37,-5.49,313.06,312.05,753.79,889.5,9.65,292.76,912.46,300.53,5766.0,46.66,-0.5,-0.866,8.999,-0.9291,-0.3697,13.709,29.41,36.068,19.086,2.0569505494782323,0.0,2.4559639155107647,2018,7
2018-07-12,2.14,-2.71,243.38,27.1,22.9,748.01,-13.87,-5.77,173.15,172.75,883.71,902.02,19.07,293.98,922.4,300.85,5773.0,51.0,-0.5,-0.866,6.007,-0.4756,-0.8796,8.821,18.199,22.686,12.069,6.993782629667409,0.0,5.493290221924928,2018,7
2018-07-15,4.71,-0.01,188.41,16.3,24.1,0.0,0.0,-191.42,0.0,0.0,488.2,546.17,0.0,289.73,870.05,301.5,5779.0,35.97,-0.5,-0.866,8.64,-0.9668,-0.2554,13.518,29.777,37.239,20.161,0.0,0.0,0.0,2018,7
2018-07-21,4.34,-1.21,214.8,27.5,23.1,194.02,-50.08,-8.0,367.89,367.24,728.79,855.33,38.35,291.57,892.45,301.22,5770.0,47.52,-0.5,-0.866,10.917,-0.565,-0.8251,17.908,41.211,45.421,23.167,0.0,0.0,0.0,2018,7
2018-07-22,5.33,0.46,220.58,25.6,19.3,129.84,-17.2,-9.89,347.5,346.41,869.49,870.2,16.23,291.57,896.82,300.8,5774.0,46.76,-0.5,-0.866,9.162,0.5577,0.83,14.443,32.045,25.272,13.218,0.0,0.0,0.0,2018,7
2018-07-23,6.11,1.21,184.18,21.7,22.1,0.05,-92.54,-47.06,741.21,535.47,749.89,817.2,0.05,289.89,871.02,301.56,5777.0,40.14,-0.5,-0.866,8.53,-0.999,0.0436,13.241,28.942,36.861,20.412,0.0,0.0,0.0,2018,7
2018-07-24,5.23,-0.23,178.58,23.7,22.9,58.67,-211.17,-69.44,341.38,336.27,506.81,649.32,12.68,291.54,897.81,300.67,5781.0,41.58,-0.5,-0.866,8.014,-0.9613,-0.2756,14.238,34.984,42.063,22.609,0.0,13.087625557807806,0.0,2018,7
2018-07-25,6.58,0.77,176.98,23.3,22.3,33.71,-68.18,-24.92,367.53,365.61,758.97,794.86,29.38,290.98,887.27,301.11,5771.0,43.82,-0.5,-0.866,10.818,-0.8634,-0.5045,17.715,40.703,47.782,24.865,0.0,0.0,0.0,2018,7
2018-07-26,4.61,-0.15,190.79,27.7,23.3,65.21,-113.68,-0.19,330.98,328.63,642.0,893.0,36.46,291.43,893.0,301.01,5779.0,47.08,-0.5,-0.866,9.177,-0.7738,-0.6334,14.983,34.337,39.908,20.669,7.043894344437581,0.0,0.0,2018,7
2018-07-27,5.51,1.29,192.98,28.2,21.7,18.05,-70.1,-34.37,531.65,526.74,746.95,784.81,5.88,291.53,899.42,300.51,5774.0,47.42,-0.5,-0.866,11.208,-0.5563,-0.831,18.043,40.826,45.734,23.391,0.0,0.0,0.0,2018,7
2018-07-28,3.79,0.69,210.98,27.2,21.7,1.49,-163.66,-32.38,535.62,518.66,599.57,812.86,0.17,291.42,899.78,300.35,5774.0,48.18,-0.5,-0.866,10.088,-0.9232,-0.3843,15.365,32.954,40.804,21.74,8.032319841638635,0.43173090520397195,0.0,2018,7
2018-07-29,-1.75,-1.38,259.39,38.0,23.7,261.25,-31.71,-28.2,291.27,290.54,867.17,869.86,49.99,292.5,909.71,300.52,5771.0,59.35,-0.5,-0.866,10.596,-0.6704,-0.742,16.842,37.663,43.421,22.381,9.197022393174427,2.729652440604403,6.14807445399713,2018,7
2018-08-02,4.58,0.83,165.79,19.1,23.7,1.66,-157.29,-89.02,581.32,577.4,683.61,698.1,0.35,289.08,873.77,300.45,5747.0,38.19,-0.866,-0.5,5.612,-0.8957,-0.4446,8.471,18.002,23.024,12.648,0.0,0.0,0.0,2018,8
2018-08-05,1.14,-3.04,232.41,29.9,23.7,495.78,-13.29,-4.32,232.44,231.46,857.6,885.34,40.91,292.99,911.41,300.87,5761.0,47.59,-0.866,-0.5,6.733,-0.8838,-0.4679,10.681,23.843,27.434,14.129,0.0,0.0,0.0,2018,8
2018-08-07,3.4,-1.43,231.21,29.8,21.9,440.79,-10.4,-3.19,217.73,217.75,870.32,895.23,2168.24,292.88,908.55,301.02,5761.0,49.61,-0.866,-0.5,7.752,-0.4664,-0.8846,12.706,29.22,35.066,18.487,0.0,0.0,0.0,2018,8
2018-08-08,3.98,-0.23,197.78,23.7,24.3,19.51,-208.59,-117.51,486.58,476.18,575.61,597.76,9.54,289.26,871.04,300.92,5751.0,40.78,-0.866,-0.5,8.193,-0.3665,-0.9304,11.693,23.36,31.271,17.975,0.0,0.0,0.0,2018,8
2018-08-10,2.94,-0.49,222.58,25.7,22.9,46.6,-95.78,-43.62,431.79,425.23,669.21,711.69,16.88,290.67,891.21,300.4,5754.0,45.59,-0.866,-0.5,8.806,-0.5563,-0.831,14.774,34.666,38.462,19.663,0.0,0.0,0.0,2018,8
2018-08-11,2.7,-2.85,222.41,23.4,22.7,1168.65,-5.06,-0.87,162.49,162.31,888.67,914.14,46.32,294.2,925.75,300.77,5770.0,49.48,-0.866,-0.5,7.444,-0.6947,-0.7193,10.638,21.287,24.566,12.623,5.197980698846572,0.0,0.0,2018,8
2018-08-12,2.16,-2.14,256.99,31.9,22.3,657.61,-8.16,-1.8,194.43,194.06,873.44,892.87,21.5,292.98,906.23,301.35,5780.0,53.91,-0.866,-0.5,4.992,-0.6561,-0.7547,6.331,10.794,11.003,5.58,0.0,0.0,3.5922814791267923,2018,8
2018-08-14,1.96,-1.9,379.27,33.6,22.9,679.16,-35.12,-20.51,211.38,211.27,825.18,861.0,16.35,293.08,909.45,301.15,5782.0,49.98,-0.866,-0.5,7.09,-0.5693,-0.8221,10.951,23.821,26.686,13.63,0.0,0.0,0.0,2018,8
2018-08-15,2.5,-2.19,362.87,29.3,23.5,948.12,-50.2,-28.07,158.19,158.11,826.14,849.3,25.81,294.28,928.9,300.56,5781.0,50.0,-0.866,-0.5,5.991,0.1805,0.9836,11.752,30.956,26.899,14.128,1.8150290954182173,0.0,1.8351516518024564,2018,8
2018-08-16,3.51,-2.3,218.6,30.4,22.9,808.41,-15.93,-2.52,175.31,175.25,849.37,902.84,27.04,293.92,924.32,300.61,5771.0,50.71,-0.866,-0.5,5.742,0.1959,0.9806,11.227,29.513,25.929,13.571,8.74319944701113,1.4663264878982394,9.738855316173927,2018,8
2018-08-17,0.81,-2.93,258.39,32.6,21.7,1139.51,-2.11,-0.03,180.5,180.47,913.99,925.34,41.39,294.25,925.82,300.82,5784.0,54.77,-0.866,-0.5,10.08,-0.7547,-0.6561,15.905,35.322,42.596,22.407,1.1609592703130833,4.5674429987622815,0.0,2018,8
2018-08-18,0.63,-3.01,353.91,33.8,22.7,1212.16,-3.39,-0.96,181.62,181.55,906.45,919.77,61.12,294.52,924.84,301.19,5782.0,58.35,-0.866,-0.5,9.922,-0.5835,-0.8121,15.63,34.655,38.184,19.449,6.541457340104328,1.044234079951998,1.4651288186397062,2018,8
2018-08-20,-0.1,-4.2,241.99,33.0,23.5,1050.82,-1.71,-0.05,0.0,0.0,916.73,921.98,492.18,294.02,921.98,300.93,5766.0,58.05,-0.866,-0.5,7.458,-0.3811,-0.9245,11.648,25.616,32.599,18.095,14.41119053732888,2.2813240628742713,0.0,2018,8
2018-08-21,1.05,-3.02,191.78,32.7,24.1,731.32,-9.99,-3.67,183.97,183.7,881.67,899.83,1096.29,293.72,920.5,300.76,5785.0,55.9,-0.866,-0.5,8.212,-0.6626,-0.749,13.608,31.596,36.253,18.701,0.0,0.0,0.0,2018,8
2018-08-23,0.72,-0.13,220.02,35.8,22.7,108.44,-61.51,-3.8,481.32,484.79,788.34,932.51,5.95,293.5,946.06,298.2,5759.0,60.49,-0.866,-0.5,6.078,-0.8415,-0.5402,7.98,14.319,19.176,10.532,0.0,0.0,4.7042856686007894,2018,8
2018-08-24,4.98,-0.07,202.6,29.9,22.3,195.53,-67.53,-37.95,331.99,329.77,799.46,833.21,46.05,292.11,904.86,300.59,5774.0,49.24,-0.866,-0.5,9.938,-0.6807,-0.7325,15.552,34.263,39.226,20.157,0.0,0.0,0.0,2018,8
2018-08-25,-0.08,-3.11,231.39,33.8,23.9,902.06,-12.76,-5.68,185.19,184.01,844.43,891.62,101.94,294.47,938.76,299.85,5771.0,57.05,-0.866,-0.5,6.229,-0.6626,-0.749,10.199,23.432,26.998,13.938,0.0,0.0,3.404404953477305,2018,8
2018-08-26,0.66,-3.87,234.98,30.4,23.9,935.48,-4.11,-0.4,180.14,178.94,892.7,920.94,48.29,294.11,929.93,300.29,5773.0,52.69,-0.866,-0.5,7.794,-0.8434,-0.5373,12.82,29.573,35.603,18.824,0.0,13.558757961386883,0.0,2018,8
2018-08-27,3.86,-2.5,285.68,15.1,23.5,633.27,-26.93,-10.24,167.41,167.38,836.08,870.83,49.61,293.36,919.97,300.45,5773.0,42.85,-0.866,-0.5,7.087,0.2079,0.9781,13.901,36.614,32.514,16.973,0.0,0.0,0.0,2018,8
2018-08-28,-1.47,-5.49,251.22,36.7,23.3,3042.68,0.0,0.0,119.79,119.75,968.94,969.46,106.09,297.5,973.39,299.82,5766.0,60.52,-0.866,-0.5,3.028,0.2079,0.9781,5.922,15.566,13.793,7.202,15.143906712646876,5.821407890769328,1.6118012619754747,2018,8
2018-08-30,1.95,-2.36,197.41,29.5,24.3,606.52,-42.9,-3.65,212.92,212.69,784.96,901.78,108.39,293.13,919.62,300.25,5769.0,44.7,-0.866,-0.5,12.625,-0.1874,-0.9823,16.28,28.463,33.143,17.12,0.0,0.0,0.0,2018,8
2018-08-31,1.25,-4.12,214.82,32.4,23.7,1772.87,-7.84,0.0,150.86,150.76,880.7,939.57,375.54,295.15,939.57,300.46,5767.0,50.52,-0.866,-0.5,5.065,-0.9959,-0.0906,7.419,15.269,19.663,10.761,6.936070756439163,5.56108337153307,2.8576139464207264,2018,8
2018-09-01,1.66,-2.82,211.4,23.3,24.1,549.97,-31.18,-7.9,233.04,230.74,674.24,870.89,820.26,292.43,907.24,300.68,5756.0,45.19,-1.0,-0.0,7.393,-0.8607,-0.509,12.917,31.332,36.03,18.677,0.0,0.0,0.0,2018,9
2018-09-02,2.83,-1.91,192.61,21.9,23.1,444.8,-1.51,-0.14,223.26,222.78,909.92,909.92,64.79,292.34,909.92,300.35,5759.0,45.08,-1.0,-0.0,8.854,-0.9245,-0.3811,12.892,26.353,33.053,17.636,0.0,0.0,0.0,2018,9
2018-09-03,-2.8,-6.27,248.59,39.8,23.7,3257.69,0.0,0.0,128.07,128.0,958.84,962.28,519.61,297.4,970.88,299.94,5768.0,66.99,-1.0,-0.0,3.976,-0.0419,-0.9991,6.341,14.225,13.586,6.886,6.3107569149807246,5.9225028680612315,0.3235673864127385,2018,9
2018-09-04,0.0,-1.96,268.99,32.7,22.7,345.26,-9.01,-6.95,304.6,300.74,910.88,915.79,6.94,293.84,947.92,298.37,5748.0,55.18,-1.0,-0.0,3.095,0.9664,0.2571,5.084,11.714,8.896,4.741,0.0,0.0,0.0,2018,9
2018-09-05,2.74,-0.29,212.58,31.7,23.1,35.4,-91.2,-61.15,418.71,418.63,676.2,742.53,1.23,292.18,935.05,297.85,5739.0,52.65,-1.0,-0.0,9.14,-0.9947,-0.1028,13.895,29.744,37.719,20.551,13.60956338235633,1.0487313167027967,5.184332599900162,2018,9
2018-09-06,1.0,-2.41,225.41,32.0,22.3,1012.76,-5.81,-2.11,155.71,155.62,901.61,914.73,158.39,294.04,929.1,300.3,5771.0,54.9,-1.0,-0.0,7.247,-0.9833,0.1822,12.165,28.558,35.571,19.854,0.0,0.0,14.43245769350479,2018,9
2018-09-07,3.38,-3.81,184.61,29.7,23.9,1519.7,-0.15,0.0,149.13,149.11,931.41,932.74,244.14,294.57,932.74,300.5,5768.0,47.54,-1.0,-0.0,5.158,-0.8886,0.4586,5.691,7.469,12.622,8.582,0.0,0.0,0.0,2018,9
2018-09-08,1.47,-4.81,216.4,20.8,23.1,2589.31,0.0,0.0,133.14,133.11,954.04,954.04,18088.11,296.38,954.04,300.4,5771.0,50.46,-1.0,-0.0,5.784,-0.9971,-0.0767,9.902,23.632,28.474,15.188,0.0,0.0,0.0,2018,9
2018-09-09,4.21,-1.55,159.8,27.1,23.7,495.87,-54.65,-16.18,200.76,200.61,757.0,836.33,114.07,294.0,942.26,299.05,5775.0,47.21,-1.0,-0.0,0.651,0.8171,0.5764,1.276,3.362,3.827,2.523,0.0,0.0,0.0,2018,9
2018-09-10,0.31,-0.66,215.0,37.3,22.5,134.38,-39.77,-32.65,402.58,399.52,816.41,829.86,32.49,292.69,932.61,298.59,5755.0,60.95,-1.0,-0.0,6.041,-0.673,-0.7396,7.86,13.926,17.181,9.022,15.812288170918857,0.0,5.589678672421502,2018,9
2018-09-12,3.39,-0.52,176.19,29.7,23.1,118.13,-88.09,-35.01,306.37,305.81,674.3,732.51,179.6,291.73,904.09,300.27,5767.0,47.41,-1.0,-0.0,3.748,-0.549,-0.8358,4.838,8.47,11.885,6.814,0.0,0.0,0.0,2018,9
2018-09-13,0.75,-1.0,198.8,33.9,23.7,40.61,-132.45,-82.86,442.99,426.67,585.36,606.15,124.45,291.24,906.68,299.52,5758.0,51.82,-1.0,-0.0,5.637,-0.8616,-0.5075,9.615,22.874,26.645,13.867,12.673638745114888,0.0,0.0,2018,9
2018-09-14,1.67,-0.7,224.21,31.5,22.5,87.83,-39.18,-22.77,432.38,432.55,793.5,832.39,28.72,291.93,912.77,299.66,5763.0,52.85,-1.0,-0.0,5.959,-0.8572,-0.515,10.22,24.421,28.506,14.859,8.320825657570062,0.0,4.944773250028042,2018,9
2018-09-15,-2.5,-2.25,279.8,38.6,23.3,476.44,-8.49,-5.45,216.94,216.6,895.43,896.41,82.68,293.25,921.16,300.22,5765.0,60.46,-1.0,-0.0,5.582,-0.7804,-0.6252,7.007,11.757,15.298,8.213,4.531680225196392,2.9695030433661134,0.7322619910478023,2018,9
2018-09-16,1.41,-2.56,258.6,32.8,21.7,1018.03,-3.86,-1.07,156.45,156.02,910.41,928.6,364.94,295.02,945.72,299.77,5769.0,58.98,-1.0,-0.0,6.786,-0.6534,-0.757,9.385,18.05,22.445,11.844,1.1064653306830567,0.0,0.0,2018,9
2018-09-17,4.78,0.58,218.61,24.3,22.5,0.05,-86.06,-39.26,634.25,535.75,667.01,771.14,0.0,291.02,891.47,300.76,5775.0,45.56,-1.0,-0.0,7.177,-0.7466,-0.6652,10.661,22.275,27.716,14.754,0.0,0.0,0.0,2018,9
2018-09-18,-0.8,-0.42,342.2,39.1,21.5,200.7,0.0,0.0,198.7,198.64,966.13,966.13,107.91,295.05,966.13,297.98,5780.0,70.04,-1.0,-0.0,3.893,-0.9588,-0.284,4.173,5.107,5.149,2.732,8.74637967915345,3.2589155697660366,11.756351714342482,2018,9
2018-09-19,0.2,-2.34,234.8,34.3,23.5,412.11,-51.3,-35.19,251.73,251.37,825.49,852.3,9.8,293.82,941.17,298.97,5765.0,56.59,-1.0,-0.0,5.204,0.2233,0.9748,10.208,26.889,24.162,12.574,0.0,1.9652828643007672,0.0,2018,9
2018-09-20,0.55,-0.85,177.4,33.2,25.7,16.53,-231.22,-140.91,495.81,495.53,566.81,733.45,0.45,290.05,889.21,299.97,5760.0,47.74,-1.0,-0.0,3.434,0.1668,0.986,6.716,17.653,15.177,7.994,3.9864105219296313,1.7747631514072977,9.672915813331675,2018,9
2018-09-23,-1.8,-2.38,248.42,39.9,22.7,874.87,-2.77,-3.29,164.2,164.11,924.45,925.56,71.18,295.81,980.82,297.47,5772.0,69.23,-1.0,-0.0,1.838,0.184,0.9829,3.55,9.257,8.003,4.202,1.5093433587140848,1.5692956509526446,2.314035720134807,2018,9
2018-09-24,3.71,-1.35,182.59,28.5,22.7,512.49,-11.21,-7.3,184.77,184.45,905.07,912.74,34.14,293.96,937.83,299.41,5777.0,52.19,-1.0,-0.0,4.212,0.1857,0.9826,8.236,21.651,18.874,9.9,21.370847036091902,0.0,0.0,2018,9
2018-09-25,0.39,-4.1,201.0,35.4,24.1,1730.96,-19.54,-7.83,156.48,156.35,859.07,878.05,467.14,295.48,952.51,299.63,5772.0,58.32,-1.0,-0.0,2.001,0.2639,0.9646,3.901,10.234,9.497,4.904,5.347235334967527,1.592465846918916,5.171138380855735,2018,9
2018-09-26,-2.56,-6.33,241.61,41.2,23.9,3474.58,0.0,0.0,131.61,131.59,973.68,973.27,3366.63,298.05,977.53,300.01,5775.0,68.38,-1.0,-0.0,3.093,0.2028,0.9792,6.048,15.899,14.04,7.338,7.604010865189218,6.383343800237512,3.1077123528060993,2018,9
2018-10-03,0.15,-2.95,203.61,35.7,23.3,1141.45,-5.84,-1.91,152.62,152.5,847.47,911.3,231.76,296.0,965.86,298.98,5790.0,59.85,-0.866,0.5,1.728,0.3024,0.9532,3.38,8.884,8.537,4.382,6.860057823338338,3.0953323592125033,14.483462669923187,2018,10
2018-10-04,2.14,-0.51,177.4,32.0,23.1,83.85,-111.85,-72.94,426.03,422.04,684.44,717.6,73.68,292.51,917.51,299.81,5771.0,54.2,-0.866,0.5,0.654,0.0976,0.9952,1.279,3.362,2.773,1.48,12.526573000161697,0.0,3.091512103216682,2018,10
2018-10-06,1.52,-1.17,222.02,31.9,21.7,363.17,-15.53,-9.91,194.78,194.3,862.86,886.31,54.16,294.48,944.68,299.32,5785.0,58.59,-0.866,0.5,3.629,0.2147,0.9767,7.119,18.75,16.737,8.725,8.520849838522954,1.3345708074192948,13.647083864152302,2018,10
2018-10-08,2.08,-0.85,196.79,32.3,22.5,284.88,-59.78,-36.78,237.22,236.67,778.15,825.96,90.03,294.19,945.54,298.96,5773.0,55.48,-0.866,0.5,0.861,0.4384,0.8988,1.683,4.425,4.756,2.435,2.4833047237321377,0.0,5.651945529663527,2018,10
2018-10-09,2.45,0.15,182.81,31.7,22.5,72.84,-115.56,-77.36,437.06,383.66,680.3,717.75,12.5,292.38,918.57,299.58,5771.0,53.08,-0.866,0.5,1.738,0.0384,0.9993,3.398,8.933,7.223,3.884,0.0,0.0,0.0,2018,10
2018-10-11,3.11,-0.92,194.59,30.9,23.3,189.84,-76.99,-42.29,362.43,354.54,739.73,808.71,5.95,292.78,924.33,299.46,5763.0,48.36,-0.866,0.5,4.336,0.1822,0.9833,8.453,22.175,19.252,10.107,0.0,0.0,0.0,2018,10
2018-10-13,0.9,-3.08,226.19,35.3,21.1,1203.99,-1.56,-1.18,175.99,175.71,932.31,934.56,37.2,295.19,958.66,298.79,5748.0,57.03,-0.866,0.5,1.96,0.1908,0.9816,3.809,9.972,8.698,4.559,0.0,0.0,4.931075778468462,2018,10
2018-10-14,2.26,-0.49,192.82,29.3,23.9,113.87,-93.73,-71.91,318.61,311.37,781.01,797.21,38.66,291.82,906.95,300.09,5767.0,46.72,-0.866,0.5,0.832,0.1392,0.9903,1.616,4.232,3.561,1.887,0.0,4.650706789801427,0.0,2018,10
2018-10-15,0.77,-0.4,204.19,30.9,24.3,111.87,-215.85,-164.1,351.88,351.38,621.91,654.77,6.75,291.75,913.0,299.45,5775.0,49.17,-0.866,0.5,3.194,0.2538,0.9673,6.189,16.172,14.81,7.665,0.0,0.0,0.0,2018,10
2018-10-16,0.37,-3.04,211.6,34.7,24.1,676.41,-34.93,-22.46,172.36,172.22,835.67,864.97,47.09,293.85,933.73,299.69,5763.0,55.58,-0.866,0.5,3.6,0.225,0.9744,6.997,18.319,16.421,8.544,0.0,0.0,0.0,2018,10
2018-10-17,1.7,-1.25,199.21,31.9,21.5,627.81,-18.38,-10.19,202.44,201.9,872.88,899.61,49.61,294.0,940.72,299.2,5768.0,51.08,-0.866,0.5,3.073,0.1959,0.9806,5.99,15.713,13.783,7.215,0.0,0.0,0.0,2018,10
2018-10-19,0.1,-0.81,209.21,33.3,23.3,81.78,-82.6,-54.6,370.25,363.3,707.49,726.79,2.64,292.57,933.5,298.38,5750.0,50.87,-0.866,0.5,4.863,0.2571,0.9664,9.451,24.743,22.791,11.783,0.0,0.0,0.0,2018,10
2018-10-21,0.42,-1.15,221.01,34.1,22.9,387.21,-84.19,-49.48,221.75,221.18,688.15,728.04,31.38,293.64,939.49,298.94,5780.0,56.64,-0.866,0.5,2.494,0.2957,0.9553,4.862,12.755,12.166,6.25,0.0,0.0,0.0,2018,10
2018-10-22,0.89,-1.1,194.6,30.2,22.9,298.41,-132.66,-70.53,292.35,290.02,618.27,660.37,49.12,292.53,918.27,299.76,5776.0,50.78,-0.866,0.5,2.339,0.7361,0.6769,4.533,11.843,14.135,8.329,8.279657292769178,0.0,0.0,2018,10
2018-10-23,-1.1,-3.06,178.8,36.2,25.1,368.28,-62.73,-42.41,283.69,283.45,774.65,802.52,112.63,293.43,935.64,299.08,5758.0,55.75,-0.866,0.5,3.039,0.213,0.977,5.905,15.461,13.724,7.158,4.211117684309543,15.72869762865764,6.062725996924614,2018,10
2018-10-25,2.7,0.44,165.21,31.7,22.7,13.17,-92.98,-66.22,472.42,469.85,733.1,759.91,8.1,292.41,936.83,297.94,5756.0,52.97,-0.866,0.5,2.902,0.3859,0.9225,5.624,14.694,15.083,7.695,1.9575351508942702,7.3509428591456825,11.2654649296374,2018,10
2018-10-29,1.47,-0.78,211.41,31.0,23.3,52.86,-102.46,-63.78,457.99,437.6,668.41,743.44,9.01,292.73,921.83,299.63,5780.0,50.04,-0.866,0.5,1.234,0.8878,0.4602,2.405,6.31,6.684,4.961,0.0,0.0,0.0,2018,10
2018-10-30,3.95,-0.73,204.4,25.5,22.3,251.62,-87.1,-44.21,223.33,223.0,689.88,850.23,99.67,293.74,929.32,299.97,5787.0,46.24,-0.866,0.5,0.825,0.7749,0.632,1.614,4.243,4.973,3.086,0.0,0.0,0.0,2018,10
2018-11-02,4.03,0.8,160.98,13.3,22.3,0.13,-81.19,-52.39,750.65,490.32,762.68,790.46,0.02,292.33,921.33,299.27,5770.0,39.14,-0.5,0.866,2.529,0.7242,0.6896,4.945,12.998,15.48,9.092,0.0,0.0,0.0,2018,11
2018-11-06,2.59,-0.38,237.99,32.2,22.1,128.58,-60.84,-42.87,232.95,232.2,817.34,834.9,8.09,293.83,930.59,299.94,5792.0,50.35,-0.5,0.866,3.896,0.213,0.977,7.619,20.027,17.837,9.301,0.0,0.0,0.0,2018,11
2018-11-07,3.22,-1.34,217.01,22.1,22.1,281.31,-41.14,-26.97,241.28,241.06,840.9,871.12,7.69,294.58,944.52,299.44,5775.0,43.57,-0.5,0.866,0.987,0.2334,0.9724,1.936,5.099,4.626,2.402,0.0,0.0,0.0,2018,11
2018-11-19,3.12,-0.1,168.01,31.9,23.7,143.93,-122.53,-85.56,345.49,342.05,738.68,767.41,23.93,292.25,911.23,300.13,5772.0,52.26,-0.5,0.866,1.297,0.7242,0.6896,2.52,6.599,7.881,4.601,6.990872491536025,5.546567373151519,13.145431796212526,2018,11
2018-11-20,1.71,-1.51,219.62,32.0,21.7,818.41,-21.9,-13.62,166.53,166.29,868.53,887.92,102.42,294.65,943.61,299.59,5769.0,56.04,-0.5,0.866,1.175,0.3535,0.9354,2.283,5.976,5.983,3.056,0.0,16.945153421306635,9.673913517382568,2018,11
2018-11-21,-0.18,-1.38,255.82,34.3,22.9,216.41,-38.49,-20.42,315.64,315.32,690.12,778.86,10.12,293.47,937.98,298.91,5763.0,59.74,-0.5,0.866,3.743,0.2436,0.9699,7.274,19.045,17.327,8.983,0.19968250882439947,2.043009617308777,4.634011038497125,2018,11
2018-11-22,2.71,-1.38,207.61,21.5,23.7,73.98,-105.35,-45.52,296.25,292.83,705.0,823.03,6.15,293.68,946.62,298.33,5769.0,39.53,-0.5,0.866,4.524,0.9796,0.2011,8.345,21.081,16.596,8.929,0.0,0.0,0.0,2018,11
2018-11-23,7.01,1.43,146.8,14.7,23.3,0.0,0.0,-151.27,0.0,0.0,599.73,704.18,0.0,291.35,916.14,298.75,5768.0,31.22,-0.5,0.866,4.474,0.2554,0.9668,8.694,22.763,20.926,10.824,0.0,0.0,0.0,2018,11
2018-11-24,7.77,0.84,127.99,19.9,21.9,7.62,-75.23,-39.9,541.77,380.29,798.16,827.34,2.99,292.44,918.26,299.67,5769.0,36.73,-0.5,0.866,6.363,0.2079,0.9781,12.365,32.374,28.592,14.934,4.168235640291775,1.0537157933145902,6.984268536856575,2018,11
2018-11-25,1.61,-1.35,200.18,29.4,21.3,772.87,-13.91,-7.68,173.05,173.05,882.06,899.59,420.35,294.04,930.0,300.22,5771.0,49.56,-0.5,0.866,1.227,0.2504,0.9681,2.385,6.243,5.713,2.958,0.0,0.0,0.0,2018,11
2018-11-26,8.41,2.62,120.79,25.9,21.9,0.0,-193.48,-118.26,690.75,513.21,691.91,706.06,0.0,290.32,887.6,300.39,5765.0,33.96,-0.5,0.866,2.363,0.3746,0.9272,4.621,12.147,12.416,6.338,0.0,0.0,0.0,2018,11
2019-01-21,4.84,0.66,158.01,24.9,21.9,28.62,-103.81,-26.9,505.34,500.65,677.0,823.63,5.34,292.18,924.79,298.79,5766.0,42.04,0.5,0.866,2.314,0.6769,0.7361,4.525,11.894,14.204,8.011,0.0,0.0,0.0,2019,1
2019-01-22,1.5,-1.72,173.61,33.8,24.5,432.62,-94.65,-66.61,231.97,231.56,808.75,820.93,37.17,293.98,945.68,298.72,5772.0,46.82,0.5,0.866,12.357,0.8453,-0.5344,11.373,8.092,12.535,7.77,0.0,15.537406194755595,10.806609165505277,2019,1
2019-01-23,8.05,2.05,131.79,23.1,22.7,0.0,0.0,-120.4,0.0,610.14,0.0,685.15,0.0,292.52,929.95,298.67,5768.0,37.33,0.5,0.866,13.299,-0.9085,0.4179,12.261,8.8,21.911,16.987,0.0,0.0,0.0,2019,1
2019-01-31,4.36,0.11,189.0,27.7,23.7,51.21,-92.75,-58.3,501.41,494.97,766.47,784.83,59.03,291.87,920.99,298.83,5757.0,44.19,0.5,0.866,5.273,0.8211,-0.5707,7.779,16.132,11.301,6.013,0.0,0.0,0.0,2019,1
2019-02-03,1.0,-0.58,199.8,31.3,22.9,39.04,-128.12,-81.47,426.13,404.95,625.86,695.85,6.06,292.74,925.52,299.31,5774.0,50.27,0.866,0.5,7.446,0.9971,-0.0767,8.145,10.475,17.633,13.414,0.0,0.0,0.0,2019,2
2019-02-04,4.01,0.64,169.79,28.3,23.9,0.0,-350.04,-237.76,477.69,475.19,478.9,486.65,0.0,291.58,918.83,298.73,5778.0,41.29,0.866,0.5,0.585,0.0419,0.9991,1.13,2.946,2.372,1.275,0.0,0.0,0.0,2019,2
2019-02-05,1.12,-1.05,192.01,27.3,24.3,63.56,-93.9,-71.12,254.73,254.26,780.16,796.69,379.9,292.18,919.71,299.26,5774.0,43.91,0.866,0.5,2.318,0.9917,-0.1288,4.023,9.705,10.761,5.509,0.0,0.0,0.0,2019,2
2019-02-06,2.39,0.15,172.6,20.3,24.5,0.0,-145.8,-111.44,727.93,477.69,734.62,780.55,0.0,291.73,918.21,298.95,5766.0,35.59,0.866,0.5,1.829,0.6494,0.7604,3.566,9.355,11.142,6.149,0.0,0.0,0.0,2019,2
2019-02-07,2.96,-1.46,179.39,24.9,23.7,55.98,-175.78,-48.15,329.07,319.83,689.77,849.23,15.95,292.7,929.71,298.88,5775.0,35.13,0.866,0.5,0.601,0.0872,0.9962,1.168,3.059,2.505,1.34,0.0,0.0,0.0,2019,2
2019-02-16,7.77,2.41,120.98,23.9,21.9,5.69,-297.0,-192.94,557.34,552.85,583.36,604.88,0.64,291.85,928.2,298.14,5773.0,38.43,0.866,0.5,2.809,0.6494,0.7604,5.443,14.222,16.947,9.32,0.0,0.0,0.0,2019,2
2019-02-18,3.19,0.9,172.79,21.5,22.1,6.28,-184.37,-117.79,643.39,470.53,683.01,713.03,0.48,291.01,908.82,299.09,5757.0,35.27,0.866,0.5,1.598,0.6639,0.7478,3.115,8.172,9.753,5.436,0.0,0.0,0.0,2019,2
2019-02-19,3.78,-2.94,149.59,11.3,23.5,947.31,-7.31,-4.91,158.89,158.83,882.78,915.02,327.93,295.27,959.79,298.77,5777.0,36.56,0.866,0.5,3.849,0.6613,0.7501,7.502,19.681,23.484,13.069,0.0,0.0,0.0,2019,2
2019-02-22,6.69,1.9,124.81,16.7,23.3,21.69,-483.43,-196.02,334.44,330.52,415.42,672.47,19.26,292.01,924.38,298.66,5786.0,31.06,0.866,0.5,1.477,0.1495,0.9888,2.88,7.555,6.41,3.389,0.0,0.0,0.0,2019,2
2019-02-23,5.35,1.88,163.41,18.3,23.1,0.6,-315.75,-182.1,559.52,534.39,572.57,674.45,0.4,290.77,893.39,300.31,5779.0,32.13,0.866,0.5,1.426,0.8251,-0.565,2.311,5.262,5.707,2.902,0.0,0.0,0.0,2019,2
2019-02-24,2.87,-0.65,172.2,21.7,24.1,60.58,-180.18,-115.18,348.32,337.02,710.6,749.7,51.54,293.03,934.97,298.73,5774.0,34.87,0.866,0.5,2.007,0.5821,0.8131,3.913,10.264,11.992,6.381,0.0,0.0,0.0,2019,2
2019-02-25,5.68,1.01,160.4,9.5,22.3,3.2,-108.58,-72.8,400.41,338.92,780.2,814.79,0.32,291.98,912.6,299.73,5771.0,33.54,0.866,0.5,1.674,0.6508,0.7593,3.264,8.562,10.201,5.638,0.0,0.0,0.0,2019,2
2019-02-28,1.44,-0.44,181.38,29.1,23.9,56.36,-215.68,-137.77,442.76,441.3,681.09,703.89,4.32,291.92,913.46,299.58,5775.0,37.26,0.866,0.5,1.181,0.996,-0.0889,1.836,4.02,3.636,1.849,0.0,0.0,0.0,2019,2
2019-03-01,1.62,-0.83,168.81,25.4,23.5,10.52,-288.65,-97.0,489.76,468.27,531.03,710.87,60.47,291.64,909.71,299.65,5773.0,35.1,1.0,0.0,3.454,0.0192,-0.9998,5.784,13.549,11.402,5.925,0.0,0.0,0.0,2019,3
2019-03-03,4.88,4.01,183.8,10.4,19.5,0.0,-276.69,-183.25,613.51,587.88,618.42,641.24,0.0,290.58,890.55,300.39,5787.0,34.43,1.0,0.0,1.254,0.6307,0.776,2.459,6.478,7.685,4.207,0.0,0.0,3.610067738068896,2019,3
2019-03-05,1.0,-0.43,196.58,15.2,22.9,62.1,-149.93,-78.82,452.73,448.61,659.09,698.09,68.05,291.67,904.23,300.2,5769.0,36.4,1.0,0.0,2.137,0.7133,0.7009,4.193,11.043,13.157,7.668,0.0,0.7154079614499211,0.0,2019,3
2019-03-06,8.08,0.82,79.0,13.3,25.3,3.26,-289.6,-178.97,430.39,427.38,680.58,695.53,0.39,290.98,903.57,299.54,5768.0,29.28,1.0,0.0,0.969,0.6984,0.7157,1.895,4.983,5.951,3.414,0.0,0.0,0.0,2019,3
2019-03-07,3.35,-0.68,148.8,17.1,23.7,79.66,-171.69,-85.07,284.45,283.2,665.36,746.24,672.33,292.31,913.06,300.03,5773.0,35.84,1.0,0.0,0.249,0.6521,0.7581,0.486,1.274,1.519,0.84,0.0,0.0,0.0,2019,3
2019-03-08,4.3,-1.87,142.58,17.1,24.3,441.78,-79.96,-42.35,208.8,208.56,723.65,771.7,42.69,293.71,932.8,299.62,5772.0,42.47,1.0,0.0,3.616,0.1977,0.9803,7.05,18.494,16.242,8.499,0.0,0.0,0.0,2019,3
2019-03-09,13.35,1.39,45.01,7.7,22.5,83.73,-188.66,-72.1,260.15,258.96,586.11,721.18,43.13,292.83,927.43,299.22,5774.0,32.27,1.0,0.0,1.32,0.6468,0.7627,2.565,6.715,7.995,4.396,0.0,0.0,0.0,2019,3
2019-03-10,2.9,1.11,221.39,24.7,21.5,118.19,-108.02,-68.35,216.55,216.19,721.81,753.57,16.36,293.08,929.21,299.31,5770.0,40.22,1.0,0.0,2.038,0.2385,0.9711,3.96,10.368,9.398,4.876,13.000454369227214,4.55987183981795,20.18659028090076,2019,3
2019-03-12,1.95,-1.43,194.79,18.7,23.3,633.73,-63.25,-36.41,186.65,186.15,798.41,816.94,32.69,293.35,920.7,300.36,5774.0,41.24,1.0,0.0,3.167,0.6833,0.7302,6.155,16.115,19.277,10.876,2.178358666831652,0.0,0.0,2019,3
2019-03-13,0.64,-1.59,215.59,26.0,22.7,828.29,-55.66,-42.4,156.75,156.52,837.64,847.64,49.55,293.99,928.03,300.35,5782.0,41.43,1.0,0.0,0.461,0.5606,0.8281,0.896,2.346,2.713,1.428,0.0,0.0,0.0,2019,3
2019-03-14,10.46,1.24,81.42,6.9,24.7,5.1,-256.25,-156.24,362.35,363.18,680.98,722.9,4.39,291.21,903.44,299.8,5777.0,26.25,1.0,0.0,0.426,0.6334,0.7738,0.828,2.168,2.575,1.405,0.0,0.0,0.0,2019,3
2019-03-15,6.08,1.42,170.6,11.9,24.1,0.0,0.0,-95.61,0.0,757.11,0.0,763.55,0.0,289.62,880.21,300.39,5779.0,30.8,1.0,0.0,1.184,0.6129,0.7902,2.301,6.024,7.111,3.835,0.0,0.0,0.0,2019,3
2019-03-16,4.77,-2.15,180.41,18.7,24.5,602.4,-86.97,-44.18,181.16,180.91,794.73,829.34,126.92,293.93,930.73,300.04,5776.0,39.15,1.0,0.0,1.858,0.6468,0.7627,3.6,9.407,11.202,6.149,0.0,0.0,0.0,2019,3
2019-03-17,2.9,0.72,203.2,20.1,22.5,0.0,-160.47,-57.98,655.97,500.5,656.09,815.29,0.0,290.74,896.44,299.98,5766.0,35.8,1.0,0.0,0.534,0.7254,0.6884,1.034,2.701,3.23,1.884,0.0,0.0,0.0,2019,3
2019-03-19,4.22,-1.03,164.99,27.3,24.3,236.81,-128.82,-72.18,331.77,325.15,733.98,770.4,259.9,292.42,910.1,300.42,5772.0,39.63,1.0,0.0,2.935,0.6639,0.7478,5.721,15.009,17.914,9.985,0.0,0.0,0.0,2019,3
2019-03-21,3.86,1.33,168.81,21.7,22.3,17.59,-128.01,-83.7,386.53,384.44,746.1,777.43,16.44,291.02,890.77,300.81,5780.0,38.29,1.0,0.0,1.04,0.2317,0.9728,2.027,5.318,4.801,2.494,0.0,0.0,0.0,2019,3
2019-03-23,7.16,0.14,105.4,22.3,24.1,177.09,-206.81,-116.79,241.25,240.53,673.93,746.29,6.86,292.86,917.46,300.17,5786.0,36.12,1.0,0.0,0.513,0.8396,0.5432,1.004,2.639,2.953,2.011,0.0,0.0,0.0,2019,3
2019-03-29,-0.06,-3.86,190.19,31.8,23.7,1529.16,-22.59,-10.9,145.78,145.75,856.96,898.73,16304.51,295.3,937.91,300.79,5789.0,53.41,1.0,0.0,2.627,0.6293,0.7771,5.137,13.505,16.018,8.748,0.5951425698603993,0.4725848317472976,5.7406506095094,2019,3
2019-03-31,-0.29,-2.4,185.99,31.8,24.3,395.27,-63.1,-45.65,213.46,213.17,785.79,817.21,88.36,292.49,905.94,300.88,5779.0,50.99,1.0,0.0,1.668,0.6769,0.7361,3.252,8.531,10.194,5.736,0.0,0.0,19.47970635255466,2019,3
2019-04-03,1.12,-2.35,211.4,34.2,21.9,1177.09,-12.69,-9.01,165.24,165.21,890.67,902.47,1033.62,295.0,942.11,300.1,5788.0,53.67,0.866,-0.5,0.942,0.712,0.7022,1.836,4.818,5.754,3.335,10.320103788382122,1.6346975111619533,1.4219812809645465,2019,4
2019-04-04,1.54,-0.77,177.4,32.5,24.3,160.95,-136.84,-80.01,246.49,246.07,698.06,789.16,26.33,292.84,921.77,299.75,5783.0,51.69,0.866,-0.5,5.445,0.2453,0.9694,10.582,27.704,25.242,13.082,2.0588860323357405,0.5523398683411519,3.09393284829294,2019,4
2019-04-05,0.61,0.83,190.19,30.4,22.3,1.14,-207.11,-155.19,536.34,534.4,594.55,689.39,4.8,291.66,920.6,298.66,5767.0,51.67,0.866,-0.5,1.632,0.524,0.8517,3.181,8.344,9.478,4.934,0.0,0.0,0.0,2019,4
2019-04-06,0.34,-3.02,187.78,31.9,24.5,1260.33,-54.43,-24.74,158.73,158.64,760.99,818.19,366.44,294.73,933.55,300.6,5781.0,52.65,0.866,-0.5,3.022,0.6921,0.7218,5.891,15.454,18.476,10.522,0.0,0.0,0.0,2019,4
2019-04-07,1.3,-1.82,191.0,33.0,23.7,554.87,-89.08,-59.26,183.31,183.09,767.03,800.6,131.32,293.86,924.15,300.58,5791.0,52.79,0.866,-0.5,2.246,0.7096,0.7046,4.378,11.484,13.719,7.932,0.7357300811741907,9.615152946740045,10.886121574702399,2019,4
2019-04-08,4.97,-0.13,129.6,21.9,24.1,64.91,-252.38,-111.7,306.39,305.7,533.31,724.35,29.86,292.32,905.89,300.71,5794.0,42.09,0.866,-0.5,1.737,0.6239,0.7815,3.407,8.974,10.63,5.796,0.0,0.0,0.0,2019,4
2019-04-09,2.42,1.31,189.38,24.7,22.5,18.72,-270.51,-114.09,294.76,293.5,535.66,760.48,458.48,291.55,893.81,301.07,5797.0,41.8,0.866,-0.5,9.14,0.1719,0.9851,17.873,46.983,40.508,21.317,6.052652365708185,3.7642436951288354,2.4955476593586936,2019,4
2019-04-10,3.82,0.36,151.0,15.7,24.7,0.0,0.0,-339.43,0.0,484.68,0.0,512.65,0.0,289.8,874.35,301.14,5792.0,28.3,0.866,-0.5,2.235,0.1959,0.9806,4.357,11.429,10.017,5.245,0.0,0.0,0.0,2019,4
2019-04-12,1.81,-1.82,191.4,29.1,22.9,766.89,-42.77,-24.9,167.79,164.63,798.22,847.52,35.66,294.13,921.17,301.13,5798.0,47.59,0.866,-0.5,2.263,0.6521,0.7581,4.44,11.695,13.927,7.733,8.73115979411151,0.58843659620883,0.7917789369454463,2019,4
2019-04-14,1.06,-0.48,211.19,28.0,22.9,264.15,-114.7,-68.23,213.94,213.27,668.33,701.53,1399.2,292.75,904.54,301.29,5798.0,49.54,0.866,-0.5,2.129,0.8231,0.5678,4.176,10.999,12.455,8.292,0.0,5.188762703595126,5.565371212084788,2019,4
2019-04-16,-1.42,-2.1,223.61,31.4,24.1,404.48,-176.27,-117.08,203.8,203.39,618.35,657.31,31.09,294.07,935.04,299.79,5803.0,50.44,0.866,-0.5,0.829,0.0976,0.9952,1.625,4.281,3.535,1.887,6.658401950773631,0.0,2.5871524419362526,2019,4
2019-04-17,2.01,-2.51,184.6,29.3,24.5,877.03,-92.69,-45.0,180.15,179.66,729.5,786.58,79.74,294.31,924.42,301.02,5799.0,47.3,0.866,-0.5,0.164,0.5519,0.8339,0.32,0.841,0.97,0.51,6.245658531550316,18.72623204463377,3.6530400387575024,2019,4
2019-04-18,1.9,-2.9,202.59,17.5,23.7,1351.08,-42.46,-20.89,147.91,147.89,813.06,853.18,50.35,294.86,918.43,302.13,5804.0,43.62,0.866,-0.5,1.151,0.5764,0.8171,2.257,5.946,6.935,3.688,0.0,0.0,0.0,2019,4
2019-04-21,-0.78,-3.34,227.38,20.2,23.5,1631.09,-35.4,-21.8,135.13,134.72,791.93,859.56,30.94,295.69,932.86,301.65,5807.0,45.22,0.866,-0.5,1.717,0.723,0.6909,3.388,8.962,10.626,6.291,0.0,0.0,0.0,2019,4
2019-04-24,1.26,-1.82,208.42,32.3,25.1,148.25,-171.7,-119.31,346.8,343.44,711.62,734.39,14.21,292.75,898.91,301.81,5800.0,51.36,0.866,-0.5,2.557,0.2079,0.9781,5.016,13.212,11.735,6.125,0.0,0.0,0.0,2019,4
2019-04-25,0.54,-3.37,227.79,30.7,24.3,742.32,-74.56,-22.05,188.11,187.73,722.23,848.53,24.44,294.55,919.34,301.72,5803.0,51.95,0.866,-0.5,0.175,0.8471,0.5314,0.345,0.911,1.003,0.698,3.2951106678381907,0.0,7.399357281974268,2019,4
2019-04-26,4.77,0.42,158.81,-5.5,24.1,0.0,-358.44,-86.66,427.42,402.44,430.37,780.83,0.0,291.37,881.79,302.05,5801.0,28.84,0.866,-0.5,1.498,0.6884,0.7254,2.957,7.821,9.317,5.343,0.0,0.0,0.0,2019,4
2019-04-27,3.64,-1.51,190.4,-0.7,23.1,245.41,-156.06,-33.21,222.34,222.06,626.26,840.35,28.18,293.36,903.02,302.05,5803.0,39.4,0.866,-0.5,0.982,0.5592,0.829,1.932,5.098,5.909,3.125,0.0,0.0,4.727631468630184,2019,4
2019-04-30,-3.86,-6.98,241.4,41.8,24.1,3414.58,-2.95,-1.5,116.43,116.41,922.59,932.81,7598.67,298.27,964.23,301.41,5801.0,72.71,0.866,-0.5,1.151,0.599,0.8007,2.251,5.917,6.956,3.735,4.9771681980765905,5.7811832170646955,13.893242338873945,2019,4
2019-05-01,2.77,-1.79,153.8,31.5,26.1,239.75,-181.39,-129.29,307.14,305.84,721.87,745.72,167.49,293.28,926.19,299.79,5785.0,52.16,0.5,-0.866,1.982,0.6428,0.766,3.877,10.19,12.12,6.672,2.958432139053252,6.579163391150749,0.545547821045922,2019,5
2019-05-04,-1.8,-5.42,236.0,37.1,25.7,1852.86,-29.31,-12.23,145.35,144.97,829.97,866.42,150.78,295.03,917.44,302.4,5797.0,57.37,0.5,-0.866,2.329,0.6704,0.742,4.527,11.851,14.161,7.911,0.0,0.0,0.0,2019,5
2019-05-05,2.32,-1.09,192.99,30.1,23.1,227.05,-163.51,-104.91,317.4,315.37,678.44,691.94,37.61,292.27,902.19,301.0,5791.0,52.14,0.5,-0.866,2.366,0.6782,0.7349,4.57,11.917,14.265,7.984,0.0,0.0,0.0,2019,5
2019-05-06,0.67,-1.67,232.39,32.0,23.3,137.2,-212.91,-27.58,376.41,374.24,613.6,856.83,34.8,292.33,923.47,299.07,5776.0,53.28,0.5,-0.866,5.7,-0.887,-0.4617,6.169,7.731,7.981,4.225,0.0,0.0,0.0,2019,5
2019-05-07,3.29,-0.68,229.22,28.8,20.7,316.04,-2.15,0.0,220.34,219.06,900.63,912.21,264.35,293.44,912.21,301.25,5800.0,53.14,0.5,-0.866,6.184,-0.9785,0.2062,8.174,14.81,10.234,5.304,0.0,0.0,0.0,2019,5
2019-05-08,1.71,0.01,211.79,29.9,22.5,0.0,-178.01,-139.66,609.68,480.6,614.97,621.39,0.0,293.3,933.36,299.15,5792.0,59.47,0.5,-0.866,4.661,-0.9048,-0.4258,6.63,13.194,8.957,4.757,13.260359057542907,1.38409095736481,13.607724996880968,2019,5
2019-05-09,0.63,-2.7,246.8,31.7,22.3,801.44,-6.81,-1.17,162.36,161.99,883.2,903.41,3232.75,294.19,918.01,301.48,5794.0,55.26,0.5,-0.866,6.583,-0.9272,0.3746,8.956,16.864,11.91,6.191,4.626968686750728,1.710488968312685,13.865181986438007,2019,5
2019-05-10,0.85,-3.08,225.15,32.95,21.85,777.16,-53.58,-37.35,213.77,213.33,861.25,866.11,399.68,293.53,913.66,301.21,5762.71,55.91,0.5,-0.866,3.749,-0.8141,-0.5807,6.358,15.056,18.281,9.808,0.0,3.973362638574729,0.0,2019,5
2019-05-11,1.58,-2.94,211.62,32.3,23.5,1034.42,-16.99,-2.48,157.75,157.58,830.71,888.76,181.87,294.4,919.47,301.56,5794.0,49.67,0.5,-0.866,6.711,-0.9537,-0.3007,11.061,25.56,31.701,17.321,0.0,0.0,0.0,2019,5
2019-05-12,1.87,-1.97,216.19,28.9,23.3,564.37,-42.78,-19.34,174.67,174.71,784.2,840.6,77.9,294.06,927.01,300.51,5785.0,49.74,0.5,-0.866,0.356,0.2198,0.9755,0.691,1.809,1.614,0.841,0.0,10.313568204028735,8.51516457284849,2019,5
2019-05-16,2.86,0.54,175.78,33.2,23.3,11.59,-132.57,-106.47,522.55,513.02,768.44,782.27,9.34,291.84,914.44,299.41,5773.0,53.08,0.5,-0.866,3.11,-0.8281,-0.5606,5.101,11.736,12.572,6.385,0.0,0.0,0.0,2019,5
2019-05-17,1.03,-2.69,219.81,33.1,23.7,1127.94,-0.87,0.0,152.64,152.38,925.91,931.17,480.78,294.84,931.7,300.87,5792.0,57.42,0.5,-0.866,1.326,0.7302,0.6833,2.578,6.749,8.052,4.73,0.4609249018703808,11.190093698589942,7.106260408495836,2019,5
2019-05-18,0.32,-3.74,180.8,29.5,24.1,1204.18,-30.95,-15.13,163.23,163.2,847.32,867.38,453.86,295.03,936.13,300.66,5800.0,55.53,0.5,-0.866,0.436,0.6794,0.7337,0.847,2.219,2.653,1.492,0.318575796704172,10.61305065007039,6.993160581391136,2019,5
2019-05-19,3.1,-0.95,171.59,29.7,22.9,457.79,-76.48,-35.01,187.47,187.06,674.63,825.2,40.97,293.52,919.96,300.62,5802.0,49.29,0.5,-0.866,1.78,-0.7944,-0.6074,2.521,4.991,3.259,1.747,10.099872665890265,8.346417514854684,4.124573163313965,2019,5
2019-05-20,1.01,-1.96,196.41,29.9,23.7,593.9,-108.92,-31.65,185.3,185.16,577.46,696.55,40.84,292.97,902.4,301.71,5796.0,51.39,0.5,-0.866,4.259,-0.9686,0.2487,5.825,11.043,14.748,8.188,6.605355968690317,1.5085345553674367,3.0353683505911806,2019,5
2019-05-21,1.67,-2.04,200.2,30.1,23.5,632.47,-80.01,-32.91,199.51,199.43,689.79,750.97,35.33,293.93,925.51,300.51,5788.0,52.61,0.5,-0.866,1.616,0.6639,0.7478,3.141,8.225,9.821,5.466,3.460738486123127,13.010129814039336,3.0374831578965207,2019,5
2019-05-22,-1.17,-2.86,229.79,36.8,23.5,651.53,-27.09,-23.01,220.25,219.7,854.56,865.02,21.99,294.03,934.52,299.78,5767.0,59.2,0.5,-0.866,3.262,-0.9959,0.0906,3.414,3.922,1.397,0.731,5.0637166984796504,0.3781921069216434,1.281372706741109,2019,5
2019-05-23,0.04,-3.09,224.01,33.9,22.5,1400.75,-12.98,-7.78,137.75,137.51,887.67,905.65,668.1,295.51,942.97,300.52,5785.0,60.87,0.5,-0.866,0.504,0.6401,0.7683,0.979,2.564,3.049,1.671,34.23850403331689,0.4102439822523597,12.264899428625016,2019,5
2019-05-24,1.04,-1.81,214.01,33.2,22.7,826.34,-35.26,-14.31,168.27,166.98,775.56,868.92,71.82,294.59,936.92,300.15,5793.0,56.2,0.5,-0.866,1.535,0.8862,-0.4633,2.039,3.72,4.065,2.07,4.456749715077565,2.309198619567041,20.246306821728563,2019,5
2019-05-27,2.89,-0.52,193.99,28.9,21.9,390.48,-56.39,-30.44,194.41,194.37,763.3,827.19,26.84,294.17,930.58,300.29,5792.0,53.56,0.5,-0.866,1.241,0.6252,0.7804,2.427,6.38,7.559,4.117,0.0,0.0,0.0,2019,5
2019-05-28,3.5,-0.34,175.61,29.3,22.5,58.99,-112.36,-54.15,291.08,281.06,655.8,713.26,4.96,293.14,913.47,300.83,5803.0,51.11,0.5,-0.866,2.062,0.7431,0.6691,4.044,10.653,12.612,7.57,0.0,0.0,0.0,2019,5
2019-05-29,1.03,-1.7,210.2,34.0,23.3,300.35,-82.78,-48.47,244.3,244.07,702.9,726.01,12.17,293.87,923.04,300.68,5790.0,58.71,0.5,-0.866,0.111,0.66,0.7513,0.218,0.573,0.683,0.381,1.1044376889747356,6.051173136168944,0.0,2019,5
2019-05-30,2.31,0.53,189.4,31.9,22.3,21.36,-135.75,-98.73,428.78,422.05,687.23,715.19,0.67,293.03,924.88,299.66,5788.0,55.82,0.5,-0.866,0.437,0.6704,0.742,0.852,2.235,2.67,1.495,0.0,12.113937880733184,0.0,2019,5
2019-05-31,2.47,0.61,170.79,31.1,24.7,16.28,-353.9,-300.44,553.62,553.66,611.95,619.33,2.54,293.46,947.16,298.06,5803.0,57.76,0.5,-0.866,1.35,0.225,0.9744,2.64,6.94,6.24,3.246,4.3902727953926455,11.320698760166048,10.416936461783992,2019,5
2019-06-01,1.4,-1.12,201.4,29.3,23.1,104.9,-79.38,-50.38,378.55,369.09,748.3,810.37,7.45,293.16,917.55,300.47,5788.0,49.6,0.0,-1.0,1.08,0.6984,0.7157,2.105,5.521,6.6,3.779,6.343151993331937,7.388877837763955,2.032119006484743,2019,6
2019-06-03,-0.19,-2.5,209.19,34.6,23.5,967.14,-54.59,-24.42,149.94,149.92,727.0,807.64,1115.49,295.66,946.93,300.32,5810.0,59.26,0.0,-1.0,0.584,0.512,0.859,1.146,3.019,3.414,1.774,2.686251231911901,1.3941470628317616,10.7759967647349,2019,6
2019-06-04,1.22,-1.74,177.39,29.9,23.7,343.47,-118.26,-57.03,218.04,216.73,640.16,767.16,829.26,293.77,919.62,300.9,5799.0,54.9,0.0,-1.0,0.081,0.1271,0.9919,0.158,0.416,0.349,0.185,0.0,0.0,0.0,2019,6
2019-06-05,0.73,-1.51,197.99,31.2,23.7,122.58,-102.59,-63.55,318.73,313.77,662.04,751.14,32.72,293.67,927.77,300.05,5792.0,52.78,0.0,-1.0,1.598,0.0698,0.9976,3.125,8.214,6.699,3.591,11.152602227706998,20.374866403730856,1.8071010740242182,2019,6
2019-06-06,2.9,0.59,175.61,33.5,23.1,10.29,-146.41,-115.44,554.17,527.95,714.66,733.34,0.98,292.04,910.44,299.99,5788.0,54.47,0.0,-1.0,1.664,0.2096,0.9778,3.244,8.51,7.545,3.938,0.7962384363689445,1.063737146278717,5.681943531772172,2019,6
2019-06-10,2.14,-0.97,214.42,25.9,23.7,66.03,-149.07,-62.9,423.94,421.61,544.77,777.24,1.15,293.08,914.8,300.64,5794.0,52.89,0.0,-1.0,0.336,0.7337,0.6794,0.657,1.728,2.053,1.218,12.606949087762953,0.0,0.0,2019,6
2019-06-12,3.26,-2.35,189.81,27.3,22.9,477.26,-34.68,-17.02,216.9,216.44,843.91,873.89,24.07,293.92,913.58,301.62,5795.0,50.15,0.0,-1.0,0.417,0.0837,0.9965,0.814,2.135,1.748,0.935,0.0,0.0,0.0,2019,6
2019-06-14,-0.24,-1.87,233.62,35.5,24.7,204.1,-114.12,-96.25,297.67,296.75,780.71,792.85,7.44,293.52,924.54,300.19,5794.0,59.42,0.0,-1.0,1.926,0.9871,-0.1599,2.33,3.677,1.758,0.946,3.8589560711699535,3.893160790478188,3.2506733365668934,2019,6
2019-06-18,2.66,-2.27,268.19,29.7,22.1,652.51,-22.29,-10.94,196.96,196.9,866.79,887.06,18.5,294.02,913.96,301.68,5795.0,56.22,0.0,-1.0,2.681,-0.4478,-0.8942,2.758,3.014,4.253,2.432,9.958757319570127,3.895084797298439,8.144791980349604,2019,6
2019-06-19,1.5,-2.36,220.59,32.9,24.1,856.33,-86.74,-47.79,172.92,172.59,759.8,804.32,14.96,294.41,922.79,301.26,5790.0,56.13,0.0,-1.0,4.31,0.2504,0.9681,8.427,22.153,20.357,10.535,0.0,0.0,0.0,2019,6
2019-06-20,0.99,-3.1,223.79,33.7,23.9,833.2,-45.16,-14.17,175.42,175.33,751.1,874.28,61.57,294.66,933.85,300.5,5785.0,57.6,0.0,-1.0,0.448,0.2045,0.9789,0.874,2.293,2.025,1.058,5.853394316652619,4.154041713480488,4.115366670076083,2019,6
2019-06-22,-1.57,-1.72,263.4,40.0,23.3,334.82,-44.94,0.0,318.22,318.97,776.62,967.88,39.86,294.93,967.88,297.71,5773.0,65.54,0.0,-1.0,0.58,0.1271,0.9919,1.131,2.968,2.482,1.318,11.098653256035055,0.7580966170644228,16.033607782291988,2019,6
2019-06-25,2.9,-1.57,227.81,32.9,21.1,929.26,-7.86,-7.4,174.4,174.07,926.48,927.34,44.84,295.57,950.02,299.94,5791.0,61.48,0.0,-1.0,1.577,0.2504,0.9681,3.074,8.064,7.391,3.826,0.0,4.315721463467703,13.913591327380935,2019,6
2019-06-26,1.81,-3.46,219.59,30.5,23.7,733.14,-21.78,-6.57,173.76,173.56,859.46,891.33,35.03,294.16,924.62,300.84,5787.0,55.78,0.0,-1.0,3.216,-1.0,0.0052,3.797,5.734,7.897,4.354,14.673777728757953,0.0,0.53950435028799,2019,6
2019-06-27,0.74,-4.34,209.41,29.3,25.1,1350.93,-12.22,-4.94,162.95,162.92,876.5,910.82,58.46,295.0,931.96,301.02,5797.0,53.45,0.0,-1.0,2.257,0.0017,-1.0,2.976,5.373,5.564,2.817,0.0,0.0,0.0,2019,6
2019-06-28,3.01,-2.43,314.41,28.3,22.5,931.77,-13.23,-1.13,152.97,152.95,858.91,879.85,88.18,293.57,906.47,301.93,5787.0,50.28,0.0,-1.0,4.179,-0.8462,-0.5329,4.729,6.562,9.874,5.714,0.0,1.0182760118395677,14.870533163705828,2019,6
2019-06-29,5.3,-2.24,279.3,16.9,24.1,408.99,-93.68,-15.71,249.43,248.71,679.27,865.49,8.94,293.3,912.76,301.07,5780.0,44.03,0.0,-1.0,1.683,0.1426,0.9898,3.291,8.65,7.313,3.872,1.7790433629139153,2.6905775973009334,0.35674766656426093,2019,6
2019-06-30,0.67,-3.99,237.4,22.6,23.9,845.57,-14.16,-5.76,184.51,183.3,868.8,888.85,55.99,293.65,909.29,301.75,5790.0,46.99,0.0,-1.0,4.99,-0.1942,-0.981,6.797,12.817,15.873,8.353,0.0,0.0,0.0,2019,6
2019-07-01,2.81,-2.45,366.89,25.5,22.7,739.02,-8.2,-0.69,194.76,194.27,864.1,896.43,74.52,293.5,907.74,301.74,5780.0,45.09,-0.5,-0.866,6.154,-0.9603,-0.279,9.053,18.717,24.191,13.322,0.0,0.0,0.0,2019,7
2019-07-02,0.72,-2.73,240.42,26.5,22.3,1126.49,-3.21,-0.22,183.21,182.47,899.78,917.41,87.39,294.48,928.67,300.79,5786.0,47.7,-0.5,-0.866,3.833,0.1959,0.9806,7.472,19.601,17.182,8.996,0.0,0.0,0.0,2019,7
2019-07-03,-0.31,-4.77,231.0,30.1,25.1,1511.76,-11.9,-3.64,135.22,135.02,846.74,907.82,626.6,294.58,923.69,301.35,5779.0,51.28,-0.5,-0.866,5.2,-0.8471,-0.5314,5.2,5.2,9.54,6.087,0.0,0.0,0.0,2019,7
2019-07-04,1.55,-3.44,208.4,25.9,24.7,681.89,-49.3,-23.48,178.46,178.35,829.14,857.2,69.55,293.04,906.06,301.43,5779.0,45.27,-0.5,-0.866,3.398,-0.4258,-0.9048,4.622,8.702,9.944,5.1,0.0,0.0,0.0,2019,7
2019-07-06,4.03,-2.02,173.41,25.3,23.1,798.3,-10.03,-5.94,187.02,186.95,906.57,909.07,113.96,293.72,920.53,300.76,5780.0,47.66,-0.5,-0.866,0.34,0.213,0.977,0.661,1.73,1.536,0.801,0.0,0.0,0.0,2019,7
2019-07-07,6.03,-2.13,139.19,20.5,23.9,1107.4,-71.86,-9.6,184.11,184.01,740.68,832.29,271.25,294.31,923.89,301.05,5787.0,43.13,-0.5,-0.866,2.848,-0.6455,-0.7638,3.084,3.869,5.91,3.432,0.0,0.0,0.0,2019,7
2019-07-08,3.51,-3.16,162.98,21.7,23.7,1102.44,-7.01,-5.44,174.26,174.24,919.87,920.8,2553.98,294.06,923.81,300.81,5776.0,44.12,-0.5,-0.866,4.767,-0.7934,-0.6088,8.299,20.072,24.396,13.22,1.8907510669322647,5.616097652661718,11.719432040677303,2019,7
2019-07-10,0.3,-3.75,179.59,24.5,25.7,1040.16,-110.95,-38.87,176.17,176.15,661.75,767.6,72.69,293.73,925.35,300.33,5774.0,44.5,-0.5,-0.866,10.355,0.1822,0.9833,20.124,52.687,45.65,23.972,0.0,0.0,0.0,2019,7
2019-07-12,-1.95,-4.15,205.99,32.6,25.1,1130.14,-59.41,-38.48,173.29,173.33,837.1,850.41,1165.2,294.09,928.02,300.45,5776.0,52.32,-0.5,-0.866,2.272,0.0819,0.9966,4.402,11.502,9.387,5.024,0.0,0.0,0.0,2019,7
2019-07-13,-0.13,-4.05,195.4,32.6,24.9,1053.04,-34.34,-22.17,170.33,170.13,823.12,879.82,304.99,293.71,919.79,300.83,5769.0,49.38,-0.5,-0.866,1.441,0.2402,0.9707,2.792,7.296,6.612,3.43,10.531434178602586,0.0,0.0,2019,7
2019-07-14,1.72,-2.8,194.0,30.5,23.5,783.31,-5.43,-3.8,201.28,201.23,900.13,900.8,104.33,293.22,911.41,301.1,5768.0,51.92,-0.5,-0.866,5.108,-0.986,0.1668,7.946,17.405,22.381,12.705,1.3078888178322245,0.8285511599669847,9.557665251868295,2019,7
2019-07-15,1.17,-3.63,211.62,23.9,23.1,1259.92,-3.81,-0.15,187.63,187.54,904.25,916.36,35277.32,294.03,918.36,301.28,5770.0,51.38,-0.5,-0.866,3.93,-0.5284,-0.849,6.252,13.99,16.112,8.302,0.0,0.0,0.0,2019,7
2019-07-16,3.95,-1.52,197.39,27.5,22.3,834.52,-11.35,-2.61,182.87,182.68,876.33,894.71,1056.86,293.39,907.0,301.7,5788.0,50.48,-0.5,-0.866,4.978,-0.9245,-0.3811,7.265,14.887,19.86,11.854,12.585130287794614,6.910700497588676,0.0,2019,7
2019-07-17,2.69,-0.98,226.42,29.5,21.3,557.48,-7.39,-4.67,169.64,169.35,919.66,922.1,171.25,293.86,924.73,300.52,5785.0,53.7,-0.5,-0.866,3.079,-0.225,-0.9744,3.539,5.073,6.863,3.759,6.768839439421668,10.748927804161617,3.1240979714386055,2019,7
2019-07-18,2.39,-0.05,216.99,31.6,22.3,97.54,-121.94,-74.15,327.56,327.14,685.76,714.06,14.58,293.0,918.13,300.26,5799.0,53.85,-0.5,-0.866,1.959,0.1495,0.9888,3.855,10.174,8.663,4.58,0.0,0.0,0.0,2019,7
2019-07-19,2.1,-2.03,240.0,31.5,19.9,940.3,-2.95,-1.65,155.59,155.42,909.56,918.11,107.75,295.22,943.21,300.21,5788.0,61.94,-0.5,-0.866,7.486,0.9919,-0.1271,12.215,27.977,20.687,11.104,0.0,0.0,0.0,2019,7
2019-07-20,-1.3,-5.63,269.79,39.5,22.1,2908.93,0.0,0.0,108.48,108.51,958.26,958.12,141.72,298.26,977.84,300.19,5796.0,74.5,-0.5,-0.866,1.681,0.1959,0.9806,3.288,8.642,7.587,3.972,10.07998213809113,10.390327990072704,3.3532861961557034,2019,7
2019-07-22,2.73,-3.01,225.81,33.4,25.3,1367.0,-116.0,-62.58,155.08,155.05,767.1,786.22,75.48,294.98,936.9,300.54,5782.0,48.17,-0.5,-0.866,2.16,0.1822,0.9833,4.224,11.102,9.647,5.065,0.0,0.0,0.0,2019,7
2019-07-24,1.9,-2.63,183.59,28.9,24.1,899.92,-53.0,-10.83,180.03,179.35,756.55,892.19,402.65,294.22,930.19,300.38,5767.0,48.41,-0.5,-0.866,1.791,0.0576,0.9983,3.48,9.111,7.382,3.963,9.144685707589327,5.085060180187951,0.0,2019,7
2019-07-25,3.56,-2.1,187.39,29.3,23.1,409.09,-33.25,-16.54,244.78,244.46,847.82,884.71,53.8,293.32,925.43,299.9,5756.0,49.05,-0.5,-0.866,2.258,0.2113,0.9774,4.375,11.43,10.111,5.277,0.0,0.0,13.991490608599296,2019,7
2019-07-27,2.99,-0.83,186.99,25.0,22.5,285.22,-60.01,-13.31,255.41,254.94,711.09,852.58,2446.43,291.72,895.78,301.05,5761.0,45.07,-0.5,-0.866,4.17,-0.5255,-0.8508,6.135,12.686,15.014,7.781,0.0,0.0,0.0,2019,7
2019-07-28,6.63,-0.39,110.6,20.1,24.3,141.12,-145.46,-56.33,311.65,310.27,590.12,609.0,313.15,291.12,891.09,300.88,5771.0,45.41,-0.5,-0.866,4.837,-1.0,-0.0017,7.435,16.096,20.803,11.829,0.0,0.0,0.0,2019,7
2019-07-30,1.25,-4.57,199.62,21.8,23.5,1831.14,-5.91,-0.29,161.61,161.5,898.16,922.54,208.29,294.93,932.89,300.85,5772.0,45.64,-0.5,-0.866,4.116,-0.991,-0.134,5.075,8.271,12.109,7.136,0.0,0.0,0.0,2019,7
2019-07-31,2.83,-3.09,210.19,27.2,22.1,1719.16,-2.44,-1.62,147.15,147.15,919.35,919.72,327.31,294.74,929.12,301.0,5767.0,47.81,-0.5,-0.866,4.909,-0.965,-0.2622,5.672,8.216,10.487,5.63,41.89382461887243,0.5748883288666518,1.6708219159225828,2019,7
2020-02-01,6.17,2.38,140.2,8.1,22.5,0.0,0.0,-109.67,0.0,745.71,0.0,774.16,0.0,291.58,921.16,298.51,5778.0,34.2,0.866,0.5,2.85,0.887,-0.4617,3.084,3.866,6.674,4.931,0.0,0.0,0.0,2020,2
2020-02-02,5.13,3.44,145.21,27.3,22.7,0.09,-226.75,-187.59,685.95,676.89,691.67,717.09,0.01,289.99,901.57,298.71,5777.0,35.27,0.866,0.5,0.852,0.2267,0.974,1.645,4.29,3.837,1.996,0.0,0.0,0.0,2020,2
2020-02-03,9.61,3.45,103.21,24.7,22.1,6.36,-169.48,-111.7,680.71,678.67,713.55,736.03,1.11,291.55,930.85,297.59,5769.0,32.7,0.866,0.5,1.345,0.3156,0.9489,2.591,6.743,6.495,3.329,0.0,0.0,0.0,2020,2
2020-02-04,12.0,4.77,86.8,-8.5,21.1,0.01,-147.17,-90.55,760.82,744.91,765.61,786.02,0.02,291.12,928.1,297.4,5773.0,26.0,0.866,0.5,1.868,0.2571,0.9664,3.608,9.409,8.63,4.464,0.0,0.0,0.0,2020,2
2020-02-08,11.99,2.32,71.8,0.7,23.3,10.93,-485.92,-296.58,530.58,523.69,571.9,586.51,7.63,291.99,930.5,298.08,5779.0,24.94,0.866,0.5,1.926,0.9184,-0.3955,2.323,3.645,1.824,0.97,0.0,0.0,0.0,2020,2
2020-02-10,3.17,0.42,254.42,32.9,21.1,106.07,-52.14,-30.95,266.78,265.01,751.9,853.1,5.61,293.1,931.53,299.11,5760.0,51.36,0.866,0.5,0.853,0.8192,0.5736,1.649,4.299,4.966,3.216,0.0,0.0,0.0,2020,2
2020-02-11,1.5,0.7,234.79,33.1,22.5,13.87,-122.52,-100.28,387.2,385.08,734.5,742.22,1.49,292.43,928.43,298.71,5781.0,52.06,0.866,0.5,1.025,0.2706,0.9627,1.98,5.162,4.792,2.472,15.608405567810353,0.8780566873273262,2.9108313247156756,2020,2
2020-02-13,2.72,0.63,175.99,30.5,22.5,0.61,-376.1,-230.35,399.67,377.46,413.65,547.95,0.13,292.16,923.68,298.87,5786.0,45.11,0.866,0.5,1.3,0.1599,0.9871,2.511,6.547,5.567,2.938,0.0,0.0,0.0,2020,2
2020-02-15,0.82,-2.59,245.01,35.1,20.5,2174.15,0.0,0.0,126.21,126.22,972.07,973.08,246.26,297.46,977.73,299.39,5789.0,55.21,0.866,0.5,2.142,0.1942,0.981,4.151,10.845,9.467,4.959,5.529789099740625,10.441425675166803,0.6314750883426267,2020,2
2020-02-16,2.2,1.98,208.59,26.2,21.9,8.12,-477.69,-319.88,379.98,373.64,415.13,426.99,0.22,291.35,912.19,299.11,5777.0,39.55,0.866,0.5,2.19,0.2267,0.974,4.231,11.033,9.864,5.133,0.0,0.0,0.0,2020,2
2020-02-17,1.8,-1.28,214.59,24.6,22.3,630.65,-30.52,-19.54,193.23,192.18,801.86,863.85,26.07,294.51,947.06,299.13,5777.0,44.27,0.866,0.5,1.065,0.0401,0.9992,2.057,5.364,4.317,2.321,2.8372570414080815,0.0,0.0,2020,2
2020-02-18,1.81,1.86,246.03,31.7,22.1,0.29,-150.92,-141.32,726.7,720.49,733.71,737.85,0.03,291.77,923.94,298.46,5776.0,50.51,0.866,0.5,4.051,0.9763,-0.2164,4.937,7.891,4.854,2.508,0.0,0.0,0.0,2020,2
2020-02-19,6.45,1.35,182.6,25.3,22.5,3.55,-138.83,-85.43,674.15,603.24,695.81,711.69,1.17,291.75,921.83,298.63,5762.0,43.51,0.866,0.5,3.367,0.8886,-0.4586,4.077,6.444,5.045,2.556,0.0,0.0,0.0,2020,2
2020-02-21,3.94,2.45,239.78,13.4,20.5,0.0,0.0,-62.81,0.0,761.33,0.0,781.68,0.0,291.71,938.07,297.11,5767.0,41.48,0.866,0.5,1.733,0.2622,0.965,3.347,8.728,8.041,4.155,0.0,0.0,3.777197888927963,2020,2
2020-02-22,5.19,1.47,234.01,11.8,20.3,47.9,-15.74,-10.87,266.89,266.63,893.92,905.11,3.58,293.43,940.91,298.6,5784.0,40.86,0.866,0.5,3.989,0.7083,0.7059,7.66,19.897,23.887,13.623,4.126634062685309,0.0,0.0,2020,2
2020-02-23,6.26,2.64,256.21,18.0,17.9,59.69,-6.48,-4.51,684.45,594.15,915.37,920.79,2.51,293.17,940.16,298.39,5766.0,42.19,0.866,0.5,3.211,0.1994,0.9799,6.183,16.092,14.053,7.356,0.0,0.0,0.0,2020,2
2020-02-28,7.29,3.73,153.79,20.1,22.7,1.29,-262.04,-198.15,675.39,672.27,687.19,701.87,0.07,290.6,908.46,298.7,5790.0,34.07,0.866,0.5,0.955,0.4337,0.9011,1.856,4.859,5.19,2.654,6.60481240544767,0.0,0.0,2020,2
2020-03-02,7.74,2.86,117.59,-3.3,22.9,0.0,-573.06,-149.04,434.0,432.64,434.01,758.94,0.0,292.06,928.13,298.37,5789.0,32.85,1.0,0.0,1.248,0.0,1.0,2.425,6.35,5.102,2.747,0.0,0.0,0.0,2020,3
2020-03-03,6.58,2.29,146.79,13.1,21.7,0.0,0.0,-240.57,0.0,586.55,0.0,595.77,0.0,290.92,909.6,298.92,5779.0,33.33,1.0,0.0,1.134,0.6626,0.749,2.198,5.743,6.858,3.804,0.0,0.0,0.0,2020,3
2020-03-04,1.22,-3.74,204.2,26.5,22.9,1460.73,-5.16,-2.08,140.18,139.85,904.89,929.27,704.3,296.73,965.26,299.76,5806.0,53.26,1.0,0.0,1.194,0.0872,0.9962,2.32,6.074,4.972,2.659,8.026552054350354,3.9240124036363997,2.3317846879143516,2020,3
2020-03-06,2.97,0.27,179.4,27.4,21.7,96.35,-65.18,-49.83,249.6,249.23,812.06,831.61,12.22,293.18,927.75,299.54,5765.0,45.16,1.0,0.0,1.943,0.2267,0.974,3.765,9.837,8.807,4.582,0.0,0.0,0.0,2020,3
2020-03-07,1.3,-1.58,173.59,29.5,24.7,145.77,-120.69,-83.38,360.2,349.86,647.39,785.4,79.2,292.69,917.88,299.96,5768.0,46.44,1.0,0.0,1.038,0.23,0.9732,2.006,5.23,4.694,2.44,6.07253338152678,7.22765961816317,1.172709992654181,2020,3
2020-03-08,-0.8,-0.99,199.6,25.1,24.3,78.18,-252.7,-199.5,447.32,443.87,610.58,649.82,0.62,292.84,915.06,300.38,5801.0,53.38,1.0,0.0,1.957,0.2436,0.9699,3.779,9.856,8.939,4.635,9.89315962286029,0.0,8.484704705927822,2020,3
2020-03-09,0.52,-1.66,194.81,19.3,23.9,276.84,-217.45,-113.2,221.66,221.33,632.72,665.21,14.58,293.7,932.67,299.62,5794.0,41.43,1.0,0.0,0.708,0.2504,0.9681,1.38,3.621,3.319,1.718,0.0,0.0,0.0,2020,3
2020-03-10,4.18,-1.08,190.2,21.1,21.5,1447.81,0.0,0.0,128.67,128.66,961.0,962.3,184.25,296.86,970.05,299.47,5811.0,46.49,1.0,0.0,1.414,0.2096,0.9778,2.765,7.269,6.449,3.366,12.095744917480625,0.4647344596018711,0.4268912191756482,2020,3
2020-03-11,5.37,0.06,129.4,21.1,23.9,25.92,-196.55,-80.44,402.04,396.23,630.2,786.85,0.6,292.94,931.49,298.95,5772.0,39.19,1.0,0.0,1.641,0.309,0.9511,3.189,8.35,8.045,4.126,0.0,0.0,0.0,2020,3
2020-03-13,6.1,1.56,145.62,19.1,23.3,14.75,-287.53,-194.27,420.39,418.11,534.49,613.07,1.11,292.0,928.11,298.32,5777.0,42.71,1.0,0.0,1.151,0.299,0.9542,2.223,5.796,5.517,2.833,0.0,0.0,0.0,2020,3
2020-03-14,-0.28,-2.36,264.41,21.7,23.5,1175.92,-122.23,-3.63,162.01,161.81,652.09,924.13,114.36,295.87,955.29,299.78,5804.0,43.16,1.0,0.0,2.554,0.2723,0.9622,4.964,12.995,12.128,6.254,0.8474330839315045,1.112234509715484,2.923420630144164,2020,3
2020-03-16,4.79,0.35,212.2,13.3,21.7,95.59,-241.36,-141.55,250.9,250.19,667.01,694.72,17.25,292.75,921.39,299.69,5795.0,38.48,1.0,0.0,0.937,0.3907,0.9205,1.821,4.769,4.925,2.513,3.8939224929647165,0.3532143609411418,14.057958179333365,2020,3
2020-03-18,4.71,1.69,161.0,20.5,22.5,4.66,-276.17,-134.86,574.0,568.22,596.47,714.66,2.28,291.09,907.46,299.3,5775.0,34.77,1.0,0.0,2.599,0.2284,0.9736,5.035,13.156,11.795,6.135,0.0,0.0,0.0,2020,3
2020-03-20,10.66,2.45,69.38,8.1,22.9,0.0,0.0,-94.37,0.0,758.44,0.0,785.96,0.0,290.58,894.4,300.01,5779.0,28.68,1.0,0.0,2.1,0.2113,0.9774,4.068,10.63,9.406,4.909,0.0,0.0,0.0,2020,3
2020-03-22,6.94,0.66,92.99,8.5,23.5,0.0,-446.98,-64.96,467.56,457.93,469.13,824.04,0.0,290.57,894.41,300.0,5783.0,29.9,1.0,0.0,1.474,0.2656,0.9641,2.865,7.5,6.954,3.591,0.0,0.0,0.0,2020,3
2020-03-23,3.15,0.18,164.39,14.3,23.1,66.35,-123.14,-87.92,294.97,294.09,766.93,783.59,9.01,291.72,905.54,300.12,5781.0,38.04,1.0,0.0,2.383,0.2351,0.972,4.618,12.066,10.888,5.654,0.0,0.0,0.0,2020,3
2020-03-25,1.03,-1.61,208.18,26.4,22.3,445.98,-34.28,-19.68,200.03,199.74,681.8,866.4,49.93,293.9,925.46,300.5,5788.0,43.92,1.0,0.0,0.862,0.1994,0.9799,1.69,4.452,3.926,2.054,0.0,0.0,0.0,2020,3
2020-03-26,1.22,0.35,176.0,35.1,24.3,31.3,-162.26,-131.94,461.62,458.85,714.28,727.31,7.42,292.58,920.28,299.62,5780.0,50.98,1.0,0.0,0.577,0.153,0.9882,1.128,2.964,2.524,1.333,0.0,0.0,0.0,2020,3
2020-03-27,0.69,-0.53,204.79,27.7,23.3,221.4,-130.88,-79.05,332.15,327.01,683.2,798.15,22.73,293.66,923.85,300.4,5798.0,48.55,1.0,0.0,1.432,0.2113,0.9774,2.783,7.287,6.458,3.37,2.583454913347285,24.981346224467966,0.0,2020,3
2020-03-28,0.17,-4.08,222.61,30.3,24.5,1864.17,-3.23,-1.83,128.04,128.02,925.37,933.09,195.39,296.4,953.39,300.48,5800.0,44.69,1.0,0.0,2.082,0.2096,0.9778,4.047,10.595,9.377,4.895,0.0,3.8811286376750735,4.555285195814952,2020,3
2020-03-29,0.08,-2.78,215.61,29.2,23.9,1107.15,-59.29,-38.68,155.65,155.18,797.68,834.92,336.1,294.83,930.22,301.0,5801.0,46.19,1.0,0.0,0.989,0.1668,0.986,1.934,5.085,4.369,2.301,0.0,0.0,0.0,2020,3
2020-04-01,4.1,-3.0,141.99,21.7,25.7,389.0,-124.64,-45.53,200.74,200.62,692.81,787.34,9.01,294.19,929.67,300.39,5789.0,40.84,0.866,-0.5,3.034,0.1977,0.9803,5.895,15.435,13.534,7.083,8.266605820512698,0.0,0.0,2020,4
2020-04-02,4.04,-0.15,165.4,25.9,22.7,101.71,-117.2,-60.23,270.98,267.59,703.57,788.9,4.74,292.9,907.3,301.17,5800.0,42.42,0.866,-0.5,2.961,0.1253,0.9921,5.79,15.219,12.735,6.766,10.66448477677725,0.3018257380672137,1.3936505221305282,2020,4
2020-04-03,-0.04,-2.35,203.78,22.9,23.5,552.73,-54.83,-36.67,178.51,177.29,836.02,845.12,100.28,294.36,931.87,300.37,5795.0,44.94,0.866,-0.5,2.269,0.184,0.9829,4.41,11.545,10.018,5.258,0.0,0.0,0.0,2020,4
2020-04-05,3.68,-0.27,173.79,26.1,24.7,3.75,-315.19,-214.01,482.44,462.21,534.24,590.21,0.21,291.57,901.14,300.39,5788.0,42.9,0.866,-0.5,0.927,0.2385,0.9711,1.801,4.715,4.274,2.218,0.0,0.0,0.0,2020,4
2020-04-06,2.3,0.89,204.61,24.5,23.7,0.0,0.0,-291.92,0.0,505.33,0.0,522.17,0.0,291.71,916.53,299.09,5787.0,44.94,0.866,-0.5,2.172,0.2233,0.9748,4.196,10.943,9.76,5.081,0.0,0.0,0.5899299836169343,2020,4
2020-04-07,0.33,-1.67,202.39,14.1,22.9,400.57,-53.08,-25.59,197.43,197.33,737.4,839.7,52.22,293.12,914.24,300.75,5780.0,46.69,0.866,-0.5,2.018,0.2807,0.9598,3.922,10.268,9.643,4.966,11.917169452591146,0.0,0.0,2020,4
2020-04-08,0.14,-3.12,189.79,29.8,23.9,1152.92,-40.23,-27.41,170.36,170.29,829.06,855.01,229.96,294.65,929.93,300.85,5786.0,48.39,0.866,-0.5,1.343,0.1959,0.9806,2.618,6.868,6.023,3.153,0.0,0.0,0.0,2020,4
2020-05-21,1.33,-3.14,222.61,31.3,22.5,1044.93,-10.66,-3.72,157.27,157.03,881.55,904.08,154.86,294.99,924.52,301.68,5797.0,56.67,0.5,-0.866,7.175,-0.6704,-0.742,11.993,28.053,31.745,16.309,2.046810327798748,1.619925130241155,0.6892389622279937,2020,5
2020-05-23,2.3,-1.17,193.6,31.8,23.7,124.31,-122.46,-70.72,333.32,325.01,627.31,669.99,4.7,292.28,897.77,301.44,5799.0,51.48,0.5,-0.866,5.507,-0.8599,-0.5105,8.302,17.62,21.445,11.28,0.0,0.0,0.0,2020,5
2020-05-24,0.77,-2.41,211.99,33.5,23.5,861.48,-32.79,-6.88,175.74,175.08,820.49,911.59,46.52,294.95,932.69,300.89,5800.0,57.57,0.5,-0.866,6.526,0.9893,-0.1461,11.839,29.549,23.08,12.417,3.5658927378737206,9.806687930888579,10.460924064503176,2020,5
2020-05-26,0.8,-2.38,187.4,29.9,23.7,555.93,-84.12,-12.89,217.52,215.98,667.09,834.18,80.0,293.09,904.86,301.59,5801.0,54.19,0.5,-0.866,3.765,0.2554,0.9668,7.316,19.155,17.617,9.111,0.0,0.27675269602739094,5.929411898885469,2020,5
2020-05-27,2.62,-2.08,165.0,28.7,24.7,565.09,-129.79,-49.97,197.43,196.51,621.78,808.72,141.84,293.63,913.91,301.29,5801.0,53.37,0.5,-0.866,5.352,-0.5255,-0.8508,7.965,16.674,19.658,10.179,0.6493849597968513,1.156280276534372,3.3475576254706474,2020,5
2020-05-28,1.18,-3.19,186.2,32.1,24.5,912.94,-56.56,-25.94,149.37,149.3,759.51,826.05,4126.43,295.05,935.83,300.71,5794.0,57.59,0.5,-0.866,2.497,0.2215,0.9751,4.883,12.836,11.508,5.991,1.764073943539447,0.0,0.0,2020,5
2020-05-29,0.38,-2.89,175.8,33.3,25.9,710.85,-151.58,-97.34,174.6,174.44,700.79,738.79,28.01,294.32,931.6,300.35,5793.0,54.48,0.5,-0.866,2.987,0.2181,0.9759,5.841,15.353,13.729,7.152,8.970578280679346,5.924888991545761,6.230971264312932,2020,5
2020-05-30,5.07,2.04,158.18,27.5,21.9,0.0,0.0,-194.74,0.0,651.12,0.0,657.41,0.0,292.29,924.1,298.99,5797.0,52.19,0.5,-0.866,2.407,0.1959,0.9806,4.692,12.31,10.796,5.651,10.068706113414805,3.928474132185777,2.9817048927217287,2020,5
2020-06-01,1.66,-1.54,174.81,31.5,24.1,297.94,-161.36,-84.0,218.39,218.35,611.27,733.48,51.07,293.69,924.22,300.39,5800.0,52.13,0.0,-1.0,4.747,0.225,0.9744,9.283,24.402,21.925,11.407,0.0,0.0,0.0,2020,6
2020-06-02,1.9,-2.65,187.61,28.9,24.1,740.71,-88.01,-29.58,174.42,174.04,691.87,740.59,45.91,293.79,918.53,301.02,5793.0,52.79,0.0,-1.0,2.787,0.2504,0.9681,5.45,14.327,13.157,6.81,4.1109903214181065,7.217642873221086,7.643555468420105,2020,6
2020-06-03,0.36,-2.07,211.21,33.5,22.9,748.59,-38.07,-23.61,164.06,163.75,796.94,849.68,1991.06,294.75,936.81,300.32,5787.0,58.08,0.0,-1.0,1.319,0.1115,0.9938,2.579,6.78,5.632,3.0,6.6399829895335865,0.3236437535451323,13.576035825814289,2020,6
2020-06-04,3.16,1.76,167.8,27.9,23.5,0.0,-392.46,-328.15,570.62,567.9,574.19,583.45,0.0,291.99,924.82,298.6,5792.0,49.36,0.0,-1.0,0.738,0.4083,0.9128,1.448,3.814,4.013,2.05,0.0,0.0,0.0,2020,6
2020-06-05,1.12,-1.27,224.2,35.8,20.9,648.19,-8.0,-8.07,149.28,149.23,914.68,914.96,102.16,295.23,952.9,299.34,5787.0,67.02,0.0,-1.0,5.392,-0.6266,-0.7793,7.582,14.881,18.747,9.98,6.194962004831932,3.731193709355172,9.906410866066727,2020,6
2020-06-06,1.31,0.66,220.61,32.5,22.1,0.0,0.0,-163.92,0.0,582.77,0.0,614.75,0.0,293.19,947.69,297.75,5787.0,59.35,0.0,-1.0,2.438,0.1426,0.9898,4.709,12.28,10.322,5.467,4.890502554492433,6.912385482927103,7.852882051684749,2020,6
2020-06-07,0.41,-2.7,243.79,37.6,21.7,1094.71,-10.21,-9.36,142.2,141.62,913.86,914.98,28.2,294.79,933.88,300.62,5773.0,66.31,0.0,-1.0,5.602,-0.7965,-0.6046,7.977,15.895,18.707,9.667,2.298881774987897,3.7218912476579598,0.0,2020,6
2020-06-08,1.82,-2.47,205.01,28.1,24.1,767.6,-87.89,-16.37,175.23,175.13,693.75,809.79,20.32,294.39,934.09,300.2,5786.0,51.07,0.0,-1.0,4.42,0.2385,0.9711,8.671,22.839,20.796,10.788,0.0,0.0,0.0,2020,6
2020-06-09,1.48,-2.08,210.61,31.3,23.5,530.46,-36.04,-16.86,201.75,201.43,784.96,827.9,36.11,294.11,929.57,300.32,5790.0,58.71,0.0,-1.0,4.9,0.2062,0.9785,9.642,25.449,22.609,11.805,11.760198956984109,0.0,5.130061725081029,2020,6
2020-06-11,3.75,-0.67,150.79,28.7,23.3,109.37,-102.85,-61.56,451.56,398.61,687.89,775.75,5.57,292.26,905.59,300.68,5777.0,50.81,0.0,-1.0,1.077,0.5664,0.8241,2.105,5.534,6.427,3.401,0.0,0.0,0.0,2020,6
2020-06-13,2.31,-1.79,203.79,26.0,23.1,265.2,-21.93,-6.27,259.8,257.53,828.49,862.62,95.95,292.75,906.11,301.12,5786.0,52.19,0.0,-1.0,3.978,0.1959,0.9806,7.778,20.446,17.951,9.397,0.0,0.0,0.0,2020,6
2020-06-14,0.81,-1.82,201.61,32.0,23.7,278.78,-84.96,-53.29,232.75,232.2,765.61,782.49,3685.93,293.73,927.31,300.14,5801.0,55.91,0.0,-1.0,2.668,0.1045,0.9945,5.25,13.855,11.497,6.13,2.2210495756032773,0.583575268548099,7.990978594063728,2020,6
2020-06-15,1.61,-0.67,213.21,30.4,21.3,105.11,-38.04,-35.11,299.17,295.35,862.63,875.34,6.14,293.46,926.22,299.97,5789.0,55.61,0.0,-1.0,2.461,0.0976,0.9952,4.828,12.718,10.502,5.607,0.0,13.379750064319056,0.0,2020,6
2020-06-17,4.03,-1.8,185.39,27.3,23.1,369.21,-20.4,-11.17,227.19,227.13,868.7,890.17,26.77,293.74,924.64,300.41,5788.0,53.33,0.0,-1.0,3.43,0.225,0.9744,6.686,17.54,15.743,8.191,0.0,0.0,0.0,2020,6
2020-06-20,1.01,-0.43,226.19,35.4,22.9,102.06,-194.2,-114.99,268.11,266.06,532.93,697.56,5.16,294.13,927.66,300.53,5823.0,63.37,0.0,-1.0,2.688,0.1633,0.9866,5.273,13.889,11.925,6.286,2.965457980266007,0.7066581253145462,5.698346342102378,2020,6
2020-06-21,1.7,-2.64,191.21,34.2,22.9,1014.69,-9.11,-1.63,145.38,145.37,851.9,915.46,67.19,295.97,963.53,299.14,5789.0,63.21,0.0,-1.0,3.265,0.2334,0.9724,6.424,16.956,15.396,7.994,4.114749412562663,0.24058757125856922,3.363837174096886,2020,6
2020-06-23,1.5,0.98,214.8,35.4,22.5,27.03,-126.96,-107.34,508.42,508.09,731.84,742.52,1.98,292.25,928.55,298.52,5762.0,58.15,0.0,-1.0,3.031,0.1582,0.9874,5.908,15.5,13.219,6.977,0.0,0.0,0.0,2020,6
2020-06-24,1.33,-0.72,221.39,32.2,21.9,376.45,-74.21,-29.61,211.36,210.94,647.71,797.44,20.45,293.69,928.07,300.03,5795.0,56.5,0.0,-1.0,3.166,0.2096,0.9778,6.173,16.193,14.357,7.493,0.0,0.0,0.0,2020,6
2020-06-25,1.58,-1.29,197.61,31.9,23.1,187.33,-57.48,-31.36,364.24,361.56,675.93,830.29,48.46,292.76,911.24,300.66,5780.0,51.68,0.0,-1.0,8.161,0.9977,0.068,14.525,35.739,28.0,14.997,9.706516636395252,4.499868963430373,2.753040951068951,2020,6
2020-06-26,3.95,0.68,143.38,27.7,24.5,29.01,-263.52,-202.86,541.33,530.72,656.77,668.68,1.08,290.98,901.54,299.74,5773.0,48.26,0.0,-1.0,2.373,0.2198,0.9755,4.639,12.195,10.923,5.688,32.16148228913861,0.3233414468500503,0.0,2020,6
2020-06-27,2.96,-1.09,181.2,30.1,24.5,321.58,-119.83,-65.86,268.8,266.79,702.49,794.13,20.73,292.87,914.17,300.5,5780.0,49.86,0.0,-1.0,1.808,0.2756,0.9613,3.536,9.296,8.726,4.496,7.492808333093874,1.3150315066900502,16.193710756463467,2020,6
2020-06-28,3.35,0.02,174.81,31.0,23.7,10.67,-217.15,-93.84,429.35,422.91,496.86,750.36,3.0,291.93,914.55,299.5,5786.0,52.8,0.0,-1.0,3.021,0.2672,0.9636,5.835,15.217,14.085,7.271,6.523561867159389,0.43797451518115704,3.395183220686078,2020,6
2020-06-29,2.0,-1.66,207.39,29.5,22.3,823.08,-21.13,-7.84,147.7,147.68,844.71,879.76,24.68,294.42,935.04,300.14,5777.0,54.74,0.0,-1.0,1.789,0.2198,0.9755,3.52,9.292,8.341,4.343,12.089517774762479,8.546247660979235,6.157536294737866,2020,6
2020-06-30,0.38,-2.25,203.38,22.9,23.7,554.73,-166.79,-73.56,138.33,137.99,592.67,805.57,173.55,294.73,932.92,300.65,5820.0,50.74,0.0,-1.0,3.415,0.2096,0.9778,6.678,17.554,15.594,8.137,2.829470668402435,0.0,0.0,2020,6
2020-07-01,4.28,-0.2,156.39,23.9,23.7,38.54,-192.76,-109.33,417.38,402.48,613.11,635.49,2.03,290.98,890.87,300.77,5773.0,45.51,-0.5,-0.866,2.628,0.1977,0.9803,5.14,13.511,11.89,6.22,0.0,11.00006475852514,6.5283151472361265,2020,7
2020-07-02,4.53,-0.66,157.19,23.9,23.3,267.48,-154.91,-37.8,263.56,262.14,619.79,775.68,14.66,292.13,899.17,301.15,5790.0,46.36,-0.5,-0.866,2.537,0.2317,0.9728,4.976,13.108,11.87,6.166,0.0,0.0,3.9465018862534706,2020,7
2020-07-03,2.02,-3.31,210.0,29.9,23.9,1393.64,-23.55,-4.99,138.8,138.09,822.92,906.95,330.45,294.56,920.52,301.62,5786.0,54.72,-0.5,-0.866,3.925,0.2045,0.9789,7.675,20.175,17.849,9.324,3.946092405229601,3.6495791260477213,16.68388605717679,2020,7
2020-07-04,4.21,0.14,163.81,24.1,23.7,39.4,-176.03,-118.21,502.39,500.04,701.51,731.15,1.32,292.17,922.55,299.0,5767.0,44.86,-0.5,-0.866,1.57,0.1977,0.9803,3.032,7.907,6.915,3.619,0.0,0.0,0.0,2020,7
2020-07-05,2.5,-1.07,173.59,29.3,23.5,528.44,-102.11,-66.55,183.15,183.07,757.36,796.36,24.44,292.75,908.15,300.94,5784.0,49.16,-0.5,-0.866,2.14,0.153,0.9882,4.185,11.001,9.364,4.947,0.0,0.0,0.0,2020,7
2020-07-06,3.55,-0.57,176.8,31.3,23.5,134.07,-106.54,-49.65,394.59,386.36,710.02,819.2,28.53,292.2,908.85,300.3,5768.0,50.74,-0.5,-0.866,3.879,0.2351,0.972,7.584,19.936,18.081,9.386,0.0,0.0,0.0,2020,7
2020-07-08,2.39,0.68,186.2,27.7,23.1,0.82,-320.92,-266.1,549.71,529.11,572.9,579.53,0.03,290.73,901.65,299.47,5778.0,48.78,-0.5,-0.866,3.922,0.1959,0.9806,7.67,20.161,17.712,9.27,15.462536376714679,0.757102733170188,4.103554392614716,2020,7
2020-07-09,2.43,-0.69,190.99,30.9,23.9,47.37,-113.65,-74.41,447.97,443.03,729.17,759.46,63.31,291.63,905.29,300.05,5764.0,49.78,-0.5,-0.866,2.706,0.1925,0.9813,5.308,13.982,12.274,6.428,24.456225609158068,0.0,2.871759526318487,2020,7
2020-07-10,2.43,-0.2,176.01,31.2,23.9,37.89,-199.8,-158.51,433.86,430.2,631.72,649.13,6.82,292.25,928.91,298.5,5777.0,53.89,-0.5,-0.866,6.942,0.1771,0.9842,13.41,34.97,30.077,15.817,0.0,0.0,0.0,2020,7
2020-07-11,1.15,-1.33,182.41,33.6,25.1,106.05,-181.19,-139.58,443.63,439.57,689.25,694.89,40.56,292.11,923.06,298.88,5764.0,51.72,-0.5,-0.866,4.037,0.1805,0.9836,7.894,20.751,18.017,9.462,0.0,0.0,0.0,2020,7
2020-07-12,0.61,-1.01,209.0,35.5,23.5,161.64,-65.71,-13.18,414.09,413.3,713.13,889.74,25.53,293.66,942.45,298.69,5763.0,59.62,-0.5,-0.866,7.484,-0.3795,-0.9252,13.164,32.099,35.819,18.38,14.275370664040896,10.505276780290258,5.371916160716231,2020,7
2020-07-13,1.64,-2.68,206.59,32.3,23.5,724.39,-21.0,-8.3,149.9,149.86,838.09,878.32,16.08,293.52,914.43,301.13,5777.0,56.47,-0.5,-0.866,4.174,0.247,0.969,8.213,21.676,19.929,10.318,0.0,0.4923873566660586,7.360181030813751,2020,7
2020-07-14,2.18,-1.07,172.02,28.5,25.5,51.01,-336.62,-251.3,448.66,442.18,570.79,582.93,2.27,291.77,912.32,299.53,5780.0,46.83,-0.5,-0.866,1.967,0.294,0.9558,3.87,10.214,9.781,5.025,11.390103688743075,0.0,7.914204381565925,2020,7
2020-07-15,2.1,-1.69,171.59,30.7,23.9,468.34,-136.95,-77.03,151.52,151.5,679.7,700.25,15.85,294.07,938.61,299.46,5779.0,53.51,-0.5,-0.866,2.92,0.2588,0.9659,5.746,15.165,14.076,7.273,0.0,0.0,0.0,2020,7
2020-07-16,3.32,0.39,167.0,31.3,23.5,94.2,-178.44,-134.59,444.04,383.55,711.44,735.07,24.5,292.58,924.09,299.28,5776.0,51.6,-0.5,-0.866,3.961,0.23,0.9732,7.652,19.953,17.885,9.3,0.0,0.0,0.0,2020,7
2020-07-17,4.75,0.54,138.41,29.7,23.7,3.65,-154.55,-99.41,555.38,510.05,641.98,733.85,0.46,291.4,897.05,300.61,5783.0,47.19,-0.5,-0.866,2.359,0.2453,0.9694,4.642,12.252,11.25,5.826,0.0,0.0,0.0,2020,7
2020-07-18,2.52,-2.14,176.01,35.3,22.9,841.13,-28.2,-11.84,186.63,186.49,847.07,866.45,52.66,293.98,925.45,300.58,5761.0,55.16,-0.5,-0.866,2.138,0.23,0.9732,4.193,11.045,9.993,5.192,0.0,0.0,0.0,2020,7
2020-07-19,1.34,-0.09,181.4,31.7,24.5,18.79,-212.26,-168.27,401.41,391.48,644.97,667.18,7.49,291.19,894.68,300.62,5781.0,48.8,-0.5,-0.866,0.824,0.1788,0.9839,1.617,4.259,3.699,1.943,0.0,0.0,0.0,2020,7
2020-07-20,0.42,-0.52,195.4,32.7,24.5,104.24,-232.06,-189.12,393.13,389.81,649.69,671.95,18.12,292.62,923.39,299.39,5779.0,54.45,-0.5,-0.866,4.02,0.1616,0.9869,7.885,20.769,17.821,9.395,0.0,0.0,0.0,2020,7
2020-07-21,2.24,-0.67,180.41,30.3,23.1,147.83,-141.09,-93.86,275.91,273.68,683.29,717.38,18.64,292.52,911.9,300.34,5780.0,49.72,-0.5,-0.866,2.877,0.1942,0.981,5.643,14.865,13.057,6.836,0.0,0.0,0.0,2020,7
2020-07-23,1.5,-1.3,193.78,32.0,22.3,345.96,-26.2,-15.42,229.35,228.7,830.85,877.19,19.74,293.52,927.15,299.94,5773.0,54.93,-0.5,-0.866,1.669,0.3535,0.9354,3.263,8.576,8.613,4.4,3.976153592885376,11.019603597334873,16.242993044718038,2020,7
2020-07-24,1.78,-0.66,175.19,33.1,24.3,43.27,-138.16,-99.21,333.08,331.35,639.27,729.32,6.94,292.04,912.93,299.76,5772.0,47.31,-0.5,-0.866,0.897,0.3338,0.9426,1.748,4.586,4.523,2.313,0.0,0.0,0.0,2020,7
2020-07-25,0.77,-1.75,187.4,30.4,23.7,161.84,-155.94,-48.03,336.44,335.53,614.69,835.6,91.34,292.73,922.49,299.57,5779.0,53.07,-0.5,-0.866,1.433,0.184,0.9829,2.794,7.33,6.369,3.343,0.0,0.0,6.61209690247102,2020,7
2020-07-26,2.35,-0.55,184.81,29.3,22.9,85.55,-100.14,-47.66,271.86,272.66,617.71,815.31,4.2,293.09,921.99,299.99,5785.0,52.3,-0.5,-0.866,2.635,0.2622,0.965,5.153,13.546,12.563,6.489,0.0,0.0,0.0,2020,7
2020-07-27,1.01,-1.83,199.59,33.1,23.3,377.93,-48.74,-29.25,201.1,200.96,693.85,838.61,36.95,293.49,921.02,300.48,5785.0,56.5,-0.5,-0.866,2.432,0.2605,0.9655,4.756,12.502,11.583,5.984,10.755776174173695,1.859744365913845,6.435365523970655,2020,7
2020-07-29,0.18,-1.31,199.59,35.2,24.9,181.61,-144.16,-114.94,420.1,415.28,732.16,745.27,52.32,291.94,906.45,300.26,5772.0,53.96,-0.5,-0.866,2.067,0.2079,0.9781,4.041,10.623,9.42,4.918,0.0,0.0,0.0,2020,7
2020-07-30,-3.05,-6.38,244.0,39.1,24.7,2656.27,-14.3,-4.0,119.67,119.59,888.7,912.8,187.67,296.97,960.3,300.44,5782.0,63.98,-0.5,-0.866,3.166,0.2368,0.9715,6.173,16.193,14.684,7.621,8.718031742108792,0.0,0.0,2020,7
2020-07-31,1.36,-1.49,223.18,31.1,23.5,138.07,-35.94,-17.97,270.47,265.21,787.15,817.78,20.55,292.05,896.69,301.31,5785.0,54.42,-0.5,-0.866,5.489,-0.4493,-0.8934,7.772,15.382,16.888,8.588,19.967757839050506,3.4658559561313496,11.926491408821141,2020,7
2020-08-01,2.06,-3.23,239.81,31.5,24.1,650.59,-22.09,-6.39,171.59,169.71,835.39,872.3,89.29,293.52,908.48,301.69,5786.0,53.53,-0.866,-0.5,4.215,-0.8453,-0.5344,5.286,8.858,12.195,6.771,17.987290936758075,23.869043568938785,0.0,2020,8
2020-08-02,2.9,-1.04,254.59,31.4,23.1,127.0,-72.39,-35.53,377.17,371.98,741.68,791.25,2.02,292.45,894.44,301.93,5792.0,53.42,-0.866,-0.5,5.279,-0.9999,-0.014,5.356,5.61,3.588,1.931,0.0,0.0,11.883517445795771,2020,8
2020-08-03,2.62,-0.2,279.6,28.7,20.9,270.91,-10.89,-2.75,232.02,231.5,847.81,881.06,6.43,293.07,907.5,301.33,5783.0,54.33,-0.866,-0.5,4.736,-0.2028,-0.9792,6.319,11.595,11.463,5.783,2.244058083258384,0.0,0.0,2020,8
2020-08-04,1.23,-1.44,263.4,33.1,22.9,389.25,-42.42,-21.59,269.22,273.58,760.44,815.48,4.27,294.29,935.15,299.99,5776.0,56.55,-0.866,-0.5,5.345,0.1754,0.9845,10.551,27.905,24.236,12.739,2.6198408664628143,0.0,0.7376657228601524,2020,8
2020-08-05,0.58,-1.76,223.6,33.3,24.5,182.79,-114.01,-81.65,303.46,299.47,743.09,766.86,3.54,293.33,927.99,299.68,5786.0,52.58,-0.866,-0.5,2.361,0.1426,0.9898,4.56,11.892,9.998,5.295,0.0,0.0,0.0,2020,8
2020-08-06,-0.34,-4.43,198.81,33.5,26.1,998.76,-62.86,-35.44,135.49,135.48,806.9,830.23,49.91,294.2,922.75,301.05,5791.0,53.55,-0.866,-0.5,2.932,0.2317,0.9728,5.734,15.072,13.627,7.079,6.099378728863967,0.0,6.388742095980324,2020,8
2020-08-07,1.92,-1.6,220.4,31.6,21.9,883.53,-26.24,-15.11,146.79,146.71,855.81,878.89,600.49,294.32,926.41,300.83,5792.0,57.05,-0.866,-0.5,1.716,0.0698,0.9976,3.365,8.864,7.236,3.879,6.196053810951169,0.0,2.875672633945692,2020,8
2020-08-08,-0.06,-2.01,261.78,38.5,22.1,938.86,-3.75,-0.47,169.27,168.37,891.57,842.86,41.92,294.06,919.61,301.2,5779.0,63.19,-0.866,-0.5,3.66,-0.6347,-0.7727,5.16,10.16,12.717,6.745,0.0,0.0,0.0,2020,8
2020-08-09,0.6,-3.47,239.21,34.0,24.1,945.69,-32.97,-16.02,188.9,188.74,833.21,862.07,50.51,294.35,922.65,301.21,5791.0,56.5,-0.866,-0.5,3.523,-0.7009,-0.7133,4.411,7.371,9.011,4.726,0.0,0.0,0.0,2020,8
2020-08-10,-0.06,-2.28,238.19,35.1,23.7,641.37,-16.02,-17.07,200.18,200.08,918.38,918.47,22.31,294.94,955.28,298.84,5776.0,60.4,-0.866,-0.5,1.62,0.2436,0.9699,3.129,8.16,7.396,3.836,9.031166023545607,6.021970323738702,10.889447489498501,2020,8
2020-08-11,-4.49,-8.71,281.41,42.6,24.9,4450.26,0.0,0.0,106.51,106.14,975.5,975.49,741.11,298.91,976.51,300.96,5779.0,70.97,-0.866,-0.5,5.312,-0.712,-0.7022,6.959,12.446,14.543,7.511,2.404356247846629,1.9763440507358965,3.928052912989065,2020,8
2020-08-12,0.99,-3.27,227.22,32.6,23.5,1251.08,-7.61,-0.55,140.6,140.58,862.99,914.59,260.62,294.36,922.99,301.19,5780.0,56.89,-0.866,-0.5,4.593,-1.0,-0.0035,6.002,10.698,7.892,4.04,0.0,0.0,0.0,2020,8
2020-08-14,2.87,-1.81,195.22,27.7,24.1,341.44,-134.84,-66.73,249.56,248.68,694.07,722.62,13.05,294.11,944.33,298.98,5773.0,50.34,-0.866,-0.5,1.012,0.4955,0.8686,1.985,5.228,5.852,3.028,0.0,0.0,0.0,2020,8
2020-08-15,4.84,0.36,150.8,23.3,23.9,16.91,-213.54,-72.98,370.3,370.81,465.67,797.17,1.34,290.21,881.05,300.92,5770.0,41.14,-0.866,-0.5,0.335,0.3535,0.9354,0.657,1.73,1.741,0.889,0.0,0.0,0.0,2020,8
2020-08-16,2.01,-0.66,185.59,27.3,23.5,41.06,-176.76,-112.64,411.43,398.57,668.48,705.02,9.16,292.68,929.15,298.92,5777.0,46.07,-0.866,-0.5,2.045,0.7314,0.682,3.951,10.304,12.324,7.207,0.0,0.0,0.0,2020,8
2020-08-18,4.98,-1.0,156.6,19.1,22.3,429.92,-4.12,-1.53,213.34,213.12,906.0,907.04,69.21,292.9,909.8,300.93,5784.0,42.69,-0.866,-0.5,3.18,-0.9928,0.1201,5.263,12.206,15.385,8.954,0.0,0.0,0.0,2020,8
2020-08-19,2.91,-2.6,177.61,28.3,23.5,764.42,-14.54,-3.76,185.71,184.73,862.98,890.44,1013.64,293.26,912.47,301.05,5771.0,46.49,-0.866,-0.5,3.408,-0.7466,-0.6652,3.225,2.614,4.296,2.652,0.0,0.0,0.0,2020,8
2020-08-20,5.64,-1.18,125.8,16.3,23.9,220.92,-91.32,-38.87,290.01,275.6,769.88,800.35,65.98,292.3,907.94,300.5,5772.0,40.87,-0.866,-0.5,0.495,0.5519,0.8339,0.967,2.542,2.932,1.542,16.549112793803964,9.088382923875184,0.0,2020,8
2020-08-21,5.23,-0.95,134.58,16.7,22.9,356.17,-122.92,-34.14,247.48,246.43,664.05,851.17,35.37,292.88,919.76,299.98,5773.0,41.79,-0.866,-0.5,1.484,0.1011,0.9949,2.884,7.552,6.222,3.32,0.0,0.0,0.0,2020,8
2020-08-22,5.7,1.57,143.61,22.7,22.9,0.0,0.0,-206.33,0.0,528.62,0.0,596.95,0.0,292.18,926.36,298.65,5787.0,43.16,-0.866,-0.5,2.13,0.2284,0.9736,4.115,10.73,9.611,4.999,0.0,0.0,0.0,2020,8
2020-08-23,4.1,-0.69,146.6,26.3,24.5,68.07,-218.74,-116.11,384.33,377.5,581.91,602.95,3.49,291.27,893.31,300.82,5779.0,42.68,-0.866,-0.5,0.338,0.0976,0.9952,0.657,1.721,1.416,0.756,0.0,0.0,0.0,2020,8
2020-08-24,1.32,-0.95,185.0,31.1,24.1,91.68,-205.45,-132.96,358.65,344.15,613.7,634.11,1.95,291.68,905.81,300.06,5778.0,46.26,-0.866,-0.5,0.591,0.5299,0.848,1.148,3.006,3.421,1.782,0.0,0.0,0.0,2020,8
2020-08-25,-0.02,-1.69,194.18,34.8,25.7,192.05,-150.83,-119.18,310.94,307.12,749.38,766.78,13.29,291.75,895.47,301.11,5794.0,48.97,-0.866,-0.5,3.141,0.2351,0.972,6.123,16.062,14.542,7.55,0.0,0.0,0.0,2020,8
2020-08-27,0.52,-3.38,214.19,35.3,23.5,1309.08,-11.31,-3.53,161.76,160.91,867.17,909.6,112.32,294.88,934.79,300.63,5773.0,52.32,-0.866,-0.5,1.093,0.2062,0.9785,2.131,5.591,4.942,2.581,4.317135649182097,0.0,13.537295970351618,2020,8
2020-08-28,3.06,-0.6,183.78,27.5,23.1,170.12,-120.58,-53.35,288.57,286.31,666.23,787.25,35.26,292.95,921.03,299.95,5786.0,46.35,-0.866,-0.5,0.852,0.2538,0.9673,1.645,4.29,3.927,2.032,0.0,0.0,0.0,2020,8
2020-08-29,-0.83,-3.93,213.8,31.8,23.9,1704.21,-10.4,-4.38,136.68,136.09,861.46,902.13,619.83,295.67,943.22,300.66,5781.0,56.49,-0.866,-0.5,0.733,0.4924,0.8704,1.439,3.789,4.233,2.188,0.0,0.0,0.12437905046142166,2020,8
2020-08-30,1.49,-2.46,188.98,30.3,23.3,826.68,-23.77,-7.48,169.0,168.58,834.06,886.95,144.22,294.4,927.65,300.8,5790.0,52.59,-0.866,-0.5,0.652,0.5388,0.8425,1.283,3.385,3.885,2.038,14.513928592973663,0.3100564406613662,0.0,2020,8
2020-08-31,1.8,-0.78,193.4,30.7,22.5,149.81,-73.61,-36.2,366.72,329.78,671.71,806.92,9.19,293.04,916.78,300.42,5782.0,52.74,-0.866,-0.5,1.48,0.1788,0.9839,2.904,7.649,6.646,3.49,0.0,0.0,0.9027839059844052,2020,8
2020-09-01,0.52,-0.96,226.02,34.5,22.7,88.11,-89.06,-55.33,354.81,347.72,713.91,825.94,102.83,293.5,939.02,298.85,5776.0,54.37,-1.0,-0.0,1.943,0.2554,0.9668,3.752,9.785,8.967,4.639,11.931256041838129,0.3432801815487262,6.206943272792305,2020,9
2020-09-02,2.39,-2.11,159.61,31.8,24.5,379.1,-87.54,-46.33,251.71,251.03,734.05,783.23,50.66,292.67,905.47,301.11,5774.0,50.95,-1.0,-0.0,6.078,0.2181,0.9759,11.886,31.244,27.93,14.551,11.851708961322833,6.739034232118689,10.389738555868806,2020,9
2020-09-03,2.04,-1.39,164.41,32.5,24.7,237.53,-160.03,-112.82,256.0,254.59,720.28,747.97,20.18,292.94,920.62,299.96,5776.0,52.42,-1.0,-0.0,1.656,0.2096,0.9778,3.227,8.466,7.5,3.915,0.0,0.0,0.0,2020,9
2020-09-04,1.3,0.28,202.98,31.7,23.7,11.73,-260.14,-209.93,372.01,370.42,606.74,621.8,5.14,292.49,923.16,299.26,5787.0,52.58,-1.0,-0.0,2.556,0.2622,0.965,4.982,13.07,12.102,6.251,0.0,0.0,0.0,2020,9
2020-09-05,1.7,-1.69,198.61,31.1,24.3,311.76,-149.01,-93.62,257.1,256.22,636.68,651.92,38.36,292.61,907.32,300.87,5794.0,54.06,-1.0,-0.0,0.915,0.2622,0.965,1.794,4.727,4.396,2.27,1.6540353508509602,3.6567786847490598,7.637574434723198,2020,9
2020-09-06,1.39,-0.2,203.38,34.1,22.5,47.1,-79.46,-60.76,389.93,388.46,786.72,792.95,1.86,292.7,930.59,298.79,5768.0,54.02,-1.0,-0.0,1.871,0.2045,0.9789,3.647,9.567,8.443,4.412,2.673193954579762,0.0,1.501971794596256,2020,9
2020-09-07,2.52,-1.21,190.01,29.9,22.9,360.99,-86.5,-39.08,221.31,221.04,709.65,748.6,31.65,293.33,923.9,300.05,5777.0,51.4,-1.0,-0.0,5.874,0.1788,0.9839,11.45,30.037,25.998,13.661,0.0,0.0,0.0,2020,9
2020-09-08,1.38,-1.01,190.6,31.1,23.3,138.19,-59.96,-41.03,335.94,334.24,771.27,797.15,15.65,292.75,918.85,299.93,5780.0,55.67,-1.0,-0.0,1.432,0.184,0.9829,2.783,7.287,6.32,3.318,0.0,0.0,0.0,2020,9
2020-09-10,1.52,0.25,196.18,32.5,22.5,34.46,-118.47,-89.14,416.54,402.92,608.35,798.46,1.32,293.5,942.62,298.52,5777.0,55.11,-1.0,-0.0,0.59,0.5534,0.8329,1.139,2.97,3.416,1.79,3.934055035425022,0.0,4.644404751025503,2020,9
2020-09-12,3.5,0.17,189.2,28.3,21.7,4.89,-142.88,-71.82,458.59,432.37,492.0,677.05,0.26,291.67,904.03,300.21,5770.0,48.49,-1.0,-0.0,1.922,-0.3256,-0.9455,2.792,5.691,5.877,2.968,3.8986567702616375,0.0,0.0,2020,9
2020-09-14,2.81,-0.36,167.59,29.1,22.3,38.08,-133.17,-33.78,406.89,395.16,606.29,831.31,4.3,292.39,920.08,299.44,5773.0,51.12,-1.0,-0.0,0.466,0.5505,0.8348,0.909,2.385,2.747,1.443,11.15342892756659,3.5272317325159057,31.268722397695065,2020,9
2020-09-15,1.06,-1.04,200.99,32.4,23.5,114.48,-95.37,-33.82,412.21,410.72,671.86,869.49,23.48,292.35,924.4,299.02,5767.0,53.68,-1.0,-0.0,0.675,0.6018,0.7986,1.304,3.4,3.996,2.137,6.046563442893584,0.5339067401893174,3.494244725396958,2020,9
2020-09-16,1.2,-2.01,210.8,30.9,22.5,567.37,-8.52,-3.01,185.19,184.89,876.38,899.03,18.39,293.64,925.34,300.23,5784.0,58.11,-1.0,-0.0,6.678,-0.8721,-0.4894,10.075,21.397,25.445,13.231,0.0,5.652581669512205,0.0,2020,9
2020-09-17,3.71,-0.28,222.58,27.5,22.7,33.04,-52.38,-31.18,427.67,423.23,812.63,831.56,0.98,291.61,895.49,300.96,5776.0,53.02,-1.0,-0.0,2.941,-0.9778,-0.2096,2.789,2.283,5.218,4.046,0.0,0.0,0.0,2020,9
2020-09-18,0.7,-1.05,283.79,35.3,20.7,331.88,-1.24,-1.1,234.11,233.9,901.66,903.42,88.13,294.69,949.09,299.13,5771.0,65.44,-1.0,-0.0,5.869,-0.8678,-0.497,6.512,8.657,5.697,2.921,4.959060070930813,0.2569503573453754,9.719719799664302,2020,9
2020-09-19,3.18,-0.41,252.81,34.4,20.9,228.43,-14.77,-6.16,337.43,333.59,873.63,887.29,13.52,292.76,906.13,301.14,5767.0,60.79,-1.0,-0.0,4.89,-0.3272,-0.9449,6.634,12.447,16.054,8.633,0.0,0.6995930437175967,0.0,2020,9
2020-09-20,2.75,-1.13,228.41,31.5,23.5,143.61,-91.12,-56.95,353.0,352.32,748.06,787.18,1.75,292.99,922.84,299.8,5780.0,54.69,-1.0,-0.0,1.418,0.3305,0.9438,2.774,7.291,7.184,3.676,0.0,0.0,0.0,2020,9
2020-09-22,1.42,-2.69,202.0,32.5,24.5,648.42,-70.79,-40.07,204.29,203.13,804.75,833.1,229.55,294.51,940.18,299.76,5788.0,47.58,-1.0,-0.0,0.247,0.6468,0.7627,0.48,1.256,1.496,0.823,2.885004875616373,0.5354137228429867,0.10307635675926644,2020,9
2020-09-23,-1.75,-4.0,214.39,35.3,24.1,1245.41,-26.01,-17.94,147.31,147.12,876.26,887.95,107.53,295.0,941.28,300.16,5782.0,56.02,-1.0,-0.0,0.931,0.4147,0.91,1.816,4.763,5.022,2.565,14.963482195775216,1.8896080945197773,7.051189406753065,2020,9
2020-11-26,1.84,0.62,241.42,30.1,22.9,0.56,-210.54,-161.15,516.25,511.49,526.56,539.29,0.03,290.77,904.77,299.22,5764.0,51.06,-0.5,0.866,5.101,0.3239,0.9461,9.975,26.221,25.682,13.148,1.202570169570474,0.9248647912041713,1.220457167400708,2020,11
2020-11-27,3.5,1.65,246.19,30.0,21.9,0.0,-263.07,-211.38,520.94,519.31,521.45,534.26,0.0,291.11,910.45,299.03,5770.0,51.32,-0.5,0.866,4.93,0.9205,0.3907,7.171,14.641,10.6,5.571,0.0,0.0,0.0,2020,11
2020-12-06,2.95,2.54,164.81,27.5,24.1,2.29,-501.15,-436.4,507.65,506.56,517.05,517.61,0.04,289.65,904.04,298.14,5759.0,42.97,-0.0,1.0,5.632,0.7615,-0.6481,8.006,15.92,19.606,10.317,4.366750528443018,0.0,0.0,2020,12
2020-12-15,2.83,0.34,206.0,32.0,23.5,14.97,-122.55,-92.76,674.07,509.54,736.74,759.39,0.68,291.63,915.38,299.11,5757.0,48.51,-0.0,1.0,0.666,0.5135,0.8581,1.294,3.388,3.819,1.98,0.0,5.260340623929526,1.1942069008136906,2020,12
2020-12-21,3.47,1.34,206.2,30.7,23.5,2.29,-177.03,-135.67,660.02,570.67,692.97,712.51,0.16,290.64,897.3,299.79,5762.6,46.19,-0.0,1.0,6.357,0.9833,-0.1822,6.511,7.026,12.158,7.531,21.767781166900445,0.0,0.0,2020,12
2020-12-22,2.66,0.26,229.8,29.9,23.5,1.0,-179.84,-126.61,476.18,468.55,636.6,665.97,0.08,291.67,908.85,299.76,5764.04,47.22,-0.0,1.0,7.2,0.9466,-0.3223,7.2,7.2,14.293,10.129,3.650631662130491,2.994949232493285,6.080604436884796,2020,12
2020-12-23,2.48,-1.55,204.8,28.5,23.1,131.01,-51.12,-13.96,307.83,304.26,759.06,860.16,23.99,292.48,912.87,300.21,5755.3,47.62,-0.0,1.0,0.771,0.1028,0.9947,1.536,4.088,3.408,1.817,4.201995785510717,0.0,0.550461519705365,2020,12
2020-12-26,0.24,-1.33,218.39,34.3,23.3,260.06,-80.68,-59.74,208.14,207.95,763.96,773.79,128.12,293.71,931.69,299.72,5770.0,55.04,-0.0,1.0,3.034,0.6455,0.7638,6.068,16.182,19.204,10.755,2.2641721780890816,11.823672366293811,0.20771265696678654,2020,12
2020-12-27,2.59,-0.55,232.42,30.7,21.5,441.03,-5.21,-0.64,196.87,194.97,886.6,913.04,893.32,294.12,938.68,299.49,5771.29,51.05,-0.0,1.0,0.673,0.3107,0.9505,1.341,3.57,3.489,1.789,4.647764835124639,5.236667629442851,2.4975206569418775,2020,12
2020-12-28,3.84,1.48,191.79,28.1,23.7,0.0,0.0,-139.2,0.0,536.04,0.0,737.7,0.0,291.13,901.93,299.87,5761.37,41.21,-0.0,1.0,0.905,0.5835,0.8121,1.804,4.801,5.627,3.026,0.0,0.0,0.0,2020,12
2020-12-29,5.18,-2.67,175.62,17.9,22.1,1647.19,-8.35,0.0,136.3,136.23,875.9,932.1,2314.29,294.96,932.1,300.96,5756.49,40.43,-0.0,1.0,1.25,0.712,0.7022,2.459,6.491,7.722,4.513,0.0,0.0,0.0,2020,12
2020-12-30,4.18,-0.65,184.59,25.9,23.1,78.41,-77.43,-47.21,293.77,288.75,795.12,829.61,5.08,292.27,912.56,300.04,5761.3,36.9,-0.0,1.0,2.295,0.5976,0.8018,4.575,12.174,14.33,7.766,0.0,0.0,0.0,2020,12
2020-12-31,4.67,1.65,185.79,28.8,21.9,10.25,-104.59,-77.1,674.62,669.36,769.15,792.08,2.42,291.01,904.86,299.46,5761.32,39.66,-0.0,1.0,1.132,0.6947,0.7193,2.257,6.007,7.126,4.144,0.0,0.0,0.0,2020,12
2021-01-05,2.18,1.06,228.22,32.2,23.9,0.0,0.0,-183.9,0.0,636.46,0.0,653.77,0.0,291.31,915.44,298.77,5762.68,47.81,0.5,0.866,0.969,0.7206,0.6934,1.924,5.11,6.043,3.59,0.0,0.0,0.0,2021,1
2021-01-06,1.91,-1.68,197.6,31.3,24.5,106.48,-136.9,-86.29,432.11,425.34,680.4,714.65,155.48,292.21,916.87,299.56,5754.04,48.19,0.5,0.866,1.276,0.23,0.9732,2.528,6.699,6.085,3.161,35.175452055397976,6.137288503085122,4.5380498843693475,2021,1
2021-01-07,2.21,0.06,209.62,33.1,23.3,70.27,-98.84,-71.36,409.19,407.52,751.14,767.19,590.62,291.89,917.33,299.19,5760.0,49.49,0.5,0.866,2.744,0.628,0.7782,5.488,14.634,17.333,9.585,1.6721138866536647,17.081812540862483,18.672228838684482,2021,1
2021-01-08,2.59,0.57,253.4,32.7,21.3,0.0,0.0,-63.79,0.0,399.9,0.0,608.22,0.0,293.28,938.55,298.66,5771.39,56.86,0.5,0.866,1.028,0.2706,0.9627,2.049,5.451,5.151,2.655,16.54096403030881,2.1691133405053957,5.609830030902856,2021,1
2021-01-10,7.72,3.17,207.99,20.8,18.3,5.66,-3.07,-0.7,383.92,383.14,898.86,930.11,0.76,293.01,938.2,298.41,5760.0,44.15,0.5,0.866,3.129,0.2773,0.9608,6.257,16.687,15.876,8.174,0.0,0.0,0.0,2021,1
2021-01-11,2.35,-2.27,175.81,33.7,24.7,143.67,-53.88,-1.13,299.63,296.4,765.94,921.79,49.32,293.22,926.58,299.69,5761.3,50.11,0.5,0.866,5.175,0.2351,0.972,10.316,27.453,25.149,13.046,6.481429204046853,4.229962575250619,6.644840966713547,2021,1
2021-01-17,1.55,-0.31,204.82,34.8,23.7,59.04,-76.49,-52.56,365.04,362.7,763.45,781.18,33.29,292.85,932.61,298.75,5754.0,50.77,0.5,0.866,1.016,0.8007,0.599,2.011,5.33,6.078,3.969,24.773736924449082,0.3929113335915786,0.9035176932371642,2021,1
2021-01-19,5.46,4.63,151.21,23.5,21.9,0.0,-203.27,-174.56,732.64,732.02,734.32,735.62,0.0,288.74,892.59,298.28,5755.58,35.6,0.5,0.866,5.202,0.9291,-0.3697,7.25,14.076,8.939,4.803,0.0,0.0,0.0,2021,1
2021-01-21,9.16,2.52,118.59,-4.7,20.5,0.0,-22.74,-12.04,876.76,800.97,877.44,890.58,0.0,290.72,914.23,298.28,5765.28,25.98,0.5,0.866,5.683,0.8329,-0.5534,5.179,3.501,8.709,6.368,0.0,0.0,0.0,2021,1
2021-01-22,10.53,5.08,124.81,5.9,18.5,0.0,-56.68,-33.25,815.1,803.33,817.16,838.2,0.0,290.38,920.68,297.34,5752.77,26.07,0.5,0.866,2.187,0.6652,0.7466,4.346,11.54,13.727,7.763,0.0,0.0,0.0,2021,1
2021-01-24,3.46,0.79,157.38,22.8,22.1,23.3,-333.97,-41.0,430.81,430.59,470.62,824.87,15.07,290.43,905.16,298.83,5754.0,40.77,0.5,0.866,1.908,0.5821,0.8131,3.72,9.759,11.397,6.062,0.0,0.0,0.0,2021,1
2021-01-28,2.43,0.31,192.02,30.9,23.9,25.19,-131.25,-107.34,440.71,440.22,774.03,784.26,10.56,291.22,911.01,299.1,5756.0,45.43,0.5,0.866,0.856,0.6574,0.7536,1.673,4.399,5.244,2.917,0.0,0.0,0.0,2021,1
2021-02-02,3.81,1.78,162.8,28.5,24.1,2.38,-212.8,-158.8,678.87,676.72,697.82,709.36,0.26,290.61,915.67,298.03,5751.0,42.21,0.866,0.5,0.541,0.3567,0.9342,1.054,2.765,2.781,1.42,0.0,0.0,0.0,2021,2
2021-02-06,4.56,2.76,181.39,22.3,22.1,0.0,0.0,-110.6,0.0,753.28,0.0,761.82,0.0,289.79,898.46,298.8,5766.0,39.64,0.866,0.5,2.967,0.9996,-0.0297,4.369,9.041,11.225,5.958,0.0,0.0,0.0,2021,2
2021-02-07,2.27,0.15,164.2,31.3,24.7,32.78,-201.1,-163.1,503.96,489.27,701.34,718.99,25.54,291.62,921.48,298.53,5761.0,42.45,0.866,0.5,4.866,0.3584,0.9336,9.515,25.011,25.225,12.882,4.5157436780508435,6.36473211182448,14.721820515300466,2021,2
2021-02-08,3.03,1.32,162.41,27.3,24.1,0.04,-243.9,-190.7,645.78,634.27,652.62,673.92,0.01,290.58,910.91,298.44,5757.0,37.5,0.866,0.5,2.149,0.6225,0.7826,4.202,11.046,13.079,7.113,0.0,0.0,0.0,2021,2
2021-02-09,3.31,1.79,169.61,26.9,23.1,0.0,0.0,-186.5,0.0,536.36,0.0,670.98,0.0,290.56,908.53,298.66,5758.0,40.6,0.866,0.5,1.656,0.7547,0.6561,3.227,8.466,10.023,6.058,0.0,0.0,0.0,2021,2
2021-02-10,3.46,1.46,169.78,28.1,22.7,22.25,-190.8,-134.0,462.99,459.25,686.82,717.8,0.76,291.81,918.58,298.99,5762.0,40.65,0.866,0.5,1.238,0.6347,0.7727,2.413,6.329,7.516,4.11,0.0,0.0,0.0,2021,2
2021-02-11,4.18,2.72,162.81,28.9,21.5,0.39,-228.5,-179.0,596.4,584.43,608.23,622.47,0.02,290.93,913.16,298.59,5766.0,40.62,0.866,0.5,1.3,0.606,0.7955,2.55,6.717,7.916,4.272,0.0,0.0,0.0,2021,2
2021-02-12,3.97,3.21,181.21,30.4,20.3,0.27,-118.0,-96.65,698.55,689.67,712.4,741.64,0.01,290.04,890.02,299.87,5774.0,40.68,0.866,0.5,1.087,0.497,0.8678,2.119,5.56,6.214,3.212,0.0,0.0,0.0,2021,2
2021-02-15,3.18,3.48,168.79,10.9,22.5,0.0,-197.8,-160.8,716.9,715.0,718.28,737.58,0.0,288.39,879.54,299.18,5758.0,31.34,0.866,0.5,1.313,0.1633,0.9866,2.545,6.649,5.674,2.992,0.0,0.0,0.0,2021,2
2021-03-01,1.59,-0.98,201.19,22.8,22.7,398.55,-61.57,-27.08,219.96,219.68,786.68,832.51,17.71,294.08,947.31,298.69,5781.0,46.54,1.0,0.0,3.683,0.284,0.9588,7.201,18.93,17.892,9.208,0.0,0.0,0.0,2021,3
2021-03-02,3.86,1.14,159.61,22.7,23.9,0.0,0.0,-162.2,0.0,382.54,0.0,629.98,0.0,291.06,907.56,299.26,5765.0,39.76,1.0,0.0,3.335,-0.3875,0.9219,4.508,8.416,6.929,3.517,0.0,0.0,0.0,2021,3
2021-03-03,7.44,4.29,148.8,25.7,22.1,0.0,0.0,-237.6,0.0,692.83,0.0,698.92,0.0,288.97,884.11,299.35,5757.0,37.2,1.0,0.0,1.504,0.6807,0.7325,2.923,7.654,9.154,5.153,0.0,0.0,0.0,2021,3
2021-03-04,0.8,-0.51,233.6,33.9,23.3,158.7,-85.04,-57.45,290.85,288.94,668.68,721.03,11.19,292.92,934.44,298.67,5766.0,51.93,1.0,0.0,0.997,0.3827,0.9239,1.943,5.096,5.236,2.672,2.2576677654747916,0.9311883981435319,0.4293324104028652,2021,3
2021-03-05,4.59,2.59,205.59,19.1,22.3,1.73,-379.8,-267.7,526.37,521.51,547.47,577.38,0.11,291.47,915.35,298.94,5776.0,37.42,1.0,0.0,1.229,0.8151,0.5793,2.403,6.316,7.225,4.73,0.0,0.0,0.0,2021,3
2021-03-07,1.07,-1.09,201.21,24.7,24.1,350.91,-85.18,-65.06,248.71,247.02,762.67,783.5,30.14,293.26,934.09,299.06,5762.0,49.69,1.0,0.0,1.254,0.284,0.9588,2.437,6.38,6.016,3.096,0.0,0.0,0.0,2021,3
2021-03-08,7.46,1.6,105.98,14.5,25.5,0.0,0.0,-356.3,0.0,573.02,0.0,599.8,0.0,288.95,885.41,299.2,5765.0,28.98,1.0,0.0,0.831,0.0052,1.0,1.62,4.25,3.419,1.841,0.0,0.0,0.0,2021,3
2021-03-11,6.75,2.25,134.21,23.1,23.5,0.0,0.0,-151.5,0.0,711.21,0.0,712.72,0.0,290.07,897.48,299.2,5761.0,34.15,1.0,0.0,5.817,0.9848,-0.1736,9.367,21.203,15.387,8.285,0.0,0.0,0.0,2021,3
2021-03-12,5.83,1.39,192.6,19.1,22.3,89.75,-184.3,-103.9,333.78,333.1,635.32,723.76,4.18,291.68,917.33,298.97,5755.0,34.81,1.0,0.0,1.004,0.4368,0.8996,1.957,5.133,5.504,2.816,0.0,0.0,0.0,2021,3
2021-03-13,2.71,0.66,205.6,29.5,22.7,33.88,-140.3,-82.65,348.98,348.87,658.7,735.18,1724.1,291.85,919.59,298.95,5761.0,40.54,1.0,0.0,1.687,0.6833,0.7302,3.27,8.543,10.225,5.756,1.1579009194169512,2.480011178040589,1.6093358420339765,2021,3
2021-03-14,2.7,-0.67,181.4,25.4,22.7,439.39,-89.59,-48.93,202.13,201.93,660.93,817.64,220.54,292.79,925.42,299.38,5766.0,44.69,1.0,0.0,1.633,0.1925,0.9813,3.194,8.396,7.355,3.853,0.23935385660222594,0.0,0.0,2021,3
2021-03-15,4.44,0.67,156.82,26.7,24.3,0.0,0.0,-289.6,0.0,399.07,0.0,408.63,0.0,290.74,904.9,299.19,5777.0,39.61,1.0,0.0,1.59,0.6115,0.7912,3.091,8.093,9.549,5.146,0.0,0.0,0.0,2021,3
2021-03-17,9.01,2.84,89.41,16.1,23.9,0.0,0.0,-259.2,0.0,637.86,0.0,641.45,0.0,289.29,884.97,299.59,5775.0,30.4,1.0,0.0,1.648,0.6101,0.7923,3.233,8.516,10.051,5.438,0.0,0.0,0.0,2021,3
2021-03-18,4.97,-2.41,144.21,20.1,24.5,700.48,-90.4,-38.62,180.48,178.69,755.19,840.51,36.03,294.28,945.38,299.06,5778.0,37.89,1.0,0.0,0.985,0.766,0.6428,1.938,5.114,5.988,3.705,0.0,0.0,0.0,2021,3
2021-03-19,2.71,-0.33,181.6,17.5,23.7,12.29,-242.9,-133.4,436.42,409.22,552.17,614.25,1.48,291.3,902.9,299.94,5771.0,39.51,1.0,0.0,1.81,0.1754,0.9845,3.539,9.302,8.039,4.228,0.0,0.0,0.0,2021,3
2021-03-21,-0.18,-2.09,218.61,27.7,23.9,282.33,-99.66,-47.65,211.42,210.89,653.94,777.38,13.02,293.15,921.02,300.15,5773.0,44.67,1.0,0.0,1.113,0.6307,0.776,2.184,5.753,6.826,3.738,8.532487710457358,1.5640932753197705,2.4038480757053713,2021,3
2021-03-22,2.16,-3.05,188.21,28.9,25.3,980.34,-88.19,-52.47,145.0,144.9,798.21,822.38,100.61,294.14,927.58,300.55,5776.0,44.84,1.0,0.0,2.053,0.682,0.7314,4.04,10.662,12.715,7.232,4.374574189888656,11.161405549530116,7.0248060161255514,2021,3
2021-03-23,6.63,0.4,188.61,19.1,24.3,0.85,-333.1,-203.7,537.62,496.76,561.73,588.71,0.02,291.61,915.77,299.05,5775.0,34.99,1.0,0.0,2.082,0.3305,0.9438,4.072,10.703,10.547,5.396,0.0,0.0,0.0,2021,3
2021-03-25,2.6,-0.1,231.39,33.1,21.9,522.37,-55.6,-34.61,0.0,786.59,0.0,815.59,32.27,294.14,940.15,299.4,5778.0,53.45,1.0,0.0,2.507,0.3173,0.9483,4.887,12.821,12.452,6.38,0.0,2.851827975495057,0.0,2021,3
2021-03-26,1.7,-0.18,239.58,33.1,24.3,22.32,-201.2,-136.6,412.24,410.25,613.49,634.1,2.86,291.0,891.7,300.7,5780.0,46.28,1.0,0.0,0.574,0.4163,0.9092,1.126,2.967,3.141,1.605,0.0,0.0,0.0,2021,3
2021-03-27,0.9,-1.63,223.62,28.5,24.7,463.78,-187.6,-118.1,195.68,194.74,673.66,714.78,79.82,293.57,923.21,300.38,5788.0,49.05,1.0,0.0,1.044,0.0,1.0,2.036,5.341,4.296,2.313,27.00471934767286,33.0309034334764,2.9074368764959084,2021,3
2021-03-28,0.59,-1.4,218.99,34.9,24.1,150.17,-104.4,-76.24,301.64,301.32,724.74,752.53,20.79,292.0,900.02,300.95,5770.0,51.55,1.0,0.0,1.426,0.5948,0.8039,2.788,7.329,8.603,4.609,0.0,0.0,0.0,2021,3
2021-03-29,-0.42,-2.99,221.21,36.5,23.3,562.83,-15.24,-6.45,238.95,237.27,836.18,887.32,70.39,295.44,942.73,300.48,5789.0,63.36,1.0,0.0,3.661,0.299,0.9542,7.182,18.917,18.143,9.316,27.307209428366935,4.767529820208107,16.905867684268166,2021,3
2021-03-30,0.05,-2.24,211.21,34.4,24.7,621.76,-128.2,-86.54,153.4,153.45,708.29,731.3,25.18,294.02,928.03,300.39,5793.0,56.64,1.0,0.0,2.051,0.6074,0.7944,4.035,10.651,12.56,6.794,1.6286962041579531,1.376363938510834,2.221923344477204,2021,3
2021-03-31,0.83,-0.24,196.01,34.3,23.7,70.43,-161.7,-128.9,373.24,372.64,660.38,712.94,10.76,293.0,928.03,299.35,5786.0,56.11,1.0,0.0,1.037,0.6626,0.749,2.034,5.357,6.387,3.571,7.360200962553203,0.0,18.582048969195736,2021,3
2021-04-01,-0.76,-2.9,261.19,37.2,23.1,775.24,-22.57,-13.96,160.75,160.65,862.25,878.32,265.58,295.38,956.65,299.16,5788.0,60.15,0.866,-0.5,1.48,0.6401,0.7683,2.921,7.724,9.176,5.073,0.7867174639371769,0.4909338259104449,2.982353337933528,2021,4
2021-04-03,-0.86,-4.1,218.42,35.2,25.1,1113.94,-39.96,-20.92,164.47,163.29,772.72,845.02,60.32,295.1,945.69,299.88,5796.0,56.88,0.866,-0.5,1.07,0.6934,0.7206,2.105,5.555,6.622,3.804,7.156690236497597,0.4568307889220137,0.0,2021,4
2021-04-04,-0.87,-5.38,211.0,33.5,24.5,2072.44,-3.94,-1.2,121.06,120.28,911.61,928.97,245.25,295.51,934.34,301.32,5786.0,58.35,0.866,-0.5,5.032,-0.9813,-0.1925,4.872,4.339,3.702,2.101,11.128746346047832,3.0621999045724317,2.5767898037828734,2021,4
2021-04-05,1.45,-2.38,184.81,28.1,23.7,697.89,-52.04,-27.49,191.72,190.87,776.69,850.92,69.35,293.67,923.18,300.48,5778.0,46.74,0.866,-0.5,0.162,0.7302,0.6833,0.316,0.828,0.986,0.581,1.7436899666234096,0.0,1.4085637513176485,2021,4
2021-04-06,-0.27,-2.33,209.59,32.6,23.3,479.38,-35.86,-25.33,194.87,193.26,817.9,856.44,46.85,293.56,924.42,300.25,5776.0,50.54,0.866,-0.5,4.014,0.3714,0.9285,7.824,20.525,20.89,10.663,2.394680023827044,2.295466217867849,27.740443317344347,2021,4
2021-04-07,1.76,-2.26,176.81,35.1,24.9,676.73,-105.8,-71.12,200.0,199.5,777.2,801.04,605.59,293.88,930.64,299.99,5773.0,54.78,0.866,-0.5,0.538,0.1959,0.9806,1.026,2.655,2.302,1.206,0.0,0.0,0.0,2021,4
2021-04-08,4.17,-0.2,141.4,27.3,25.1,45.41,-221.48,-147.45,416.4,351.36,582.2,684.46,6.35,291.38,906.85,299.66,5763.0,43.14,0.866,-0.5,1.345,0.7385,0.6743,2.631,6.915,8.211,4.89,0.0,0.0,0.0,2021,4
2021-04-09,0.69,-2.06,175.18,30.8,23.7,557.45,-39.23,-19.96,219.13,218.17,777.77,824.73,166.25,293.28,921.69,300.2,5771.0,48.58,0.866,-0.5,1.539,0.7547,0.6561,3.008,7.908,9.347,5.662,0.27409915127776957,0.28145260724068866,23.754666297679677,2021,4
2021-04-10,0.96,-3.39,186.01,26.6,24.1,1221.44,-30.9,-17.45,171.87,171.27,831.54,872.42,746.18,294.34,930.53,300.48,5769.0,49.34,0.866,-0.5,0.683,0.6198,0.7848,1.336,3.512,4.157,2.258,0.0,0.0,0.0,2021,4
2021-04-11,0.98,-0.61,211.6,23.9,24.1,57.3,-131.62,-104.49,312.79,306.44,751.2,768.75,13.92,291.78,900.94,300.64,5776.0,46.52,0.866,-0.5,1.317,0.3697,0.9291,2.567,6.733,6.842,3.493,0.0,0.0,0.0,2021,4
2021-04-12,5.04,0.57,181.81,24.9,22.5,428.65,-144.6,-78.76,233.19,231.95,691.77,739.97,106.56,293.31,923.12,300.12,5780.0,44.95,0.866,-0.5,3.769,0.7206,-0.6934,4.405,6.522,5.479,2.785,0.0,0.0,0.0,2021,4
2021-04-14,-0.9,-3.97,210.01,35.0,23.1,1237.21,-0.86,-0.39,154.5,154.33,939.21,943.75,35.04,295.18,956.98,298.93,5754.0,58.5,0.866,-0.5,0.744,0.6807,0.7325,1.446,3.786,4.528,2.549,21.443718219781854,4.596131153200041,0.0,2021,4
2021-04-15,1.18,-2.26,164.18,31.5,24.9,531.6,-115.38,-66.75,208.16,207.81,680.38,734.57,41.89,293.29,928.53,299.59,5770.0,51.18,0.866,-0.5,0.667,0.7965,0.6046,1.292,3.375,3.941,2.487,2.6590314541756284,0.0,0.0,2021,4
2021-04-16,0.17,-2.89,175.39,32.4,24.7,590.77,-64.57,-35.5,193.66,193.12,748.86,808.54,47.36,293.11,916.86,300.48,5770.0,51.26,0.866,-0.5,1.426,0.8202,0.5721,2.788,7.329,8.349,5.509,1.0723627799662294,0.0,4.08533898846975,2021,4
2021-04-17,-0.14,-1.53,186.79,34.8,25.9,212.33,-218.07,-176.2,374.91,372.06,652.76,678.78,27.43,292.59,925.79,299.14,5774.0,53.07,0.866,-0.5,0.486,0.3223,0.9466,0.945,2.474,2.411,1.235,4.08312871724082,3.578921201629036,1.0292762548526202,2021,4
2021-04-18,3.26,-1.52,145.59,30.3,24.5,486.19,-106.4,-58.01,218.11,217.82,714.62,758.18,154.2,292.69,915.52,300.19,5770.0,49.46,0.866,-0.5,1.536,0.0663,0.9978,2.967,7.737,6.269,3.362,0.0,0.0,0.0,2021,4
2021-04-19,0.41,-2.49,218.0,34.7,23.5,828.36,-11.55,-2.21,172.97,170.58,828.92,921.13,65.18,293.93,931.44,299.97,5765.0,58.53,0.866,-0.5,3.138,0.5736,0.8192,6.118,16.05,18.677,9.896,4.827933238754021,6.699278969659826,1.9779693095343673,2021,4
2021-04-21,0.71,-2.5,186.4,31.6,22.9,891.27,-21.66,-13.38,179.13,179.01,859.99,881.49,815.39,294.17,930.9,300.27,5784.0,54.34,0.866,-0.5,1.801,0.808,0.5892,3.521,9.256,10.644,6.895,7.664442835095435,0.4008473144827671,10.729454587771782,2021,4
2021-04-22,1.38,-3.0,184.6,32.5,23.7,1304.22,-22.86,-8.1,159.59,159.27,806.7,883.88,198.85,295.16,942.15,300.26,5791.0,55.21,0.866,-0.5,0.516,0.4274,0.9041,1.005,2.636,2.807,1.435,25.73111703572648,7.9870833380679525,0.0,2021,4
2021-04-23,0.77,-2.81,201.4,31.8,24.1,801.64,-33.45,-13.7,198.11,197.72,787.84,848.59,407.43,293.0,905.42,301.45,5773.0,52.58,0.866,-0.5,4.008,-0.9673,-0.2538,4.882,7.793,9.526,5.011,0.0,0.0,8.052491147611075,2021,4
2021-04-26,0.8,-2.16,208.59,32.6,23.3,551.3,-44.27,-28.46,194.49,193.81,768.33,855.02,68.14,294.18,940.24,299.43,5778.0,55.74,0.866,-0.5,1.459,0.1271,0.9919,2.862,7.537,6.322,3.357,0.0,0.0,0.0,2021,4
2021-04-27,0.3,-1.77,207.78,34.3,23.7,304.8,-60.33,-42.17,255.04,255.6,752.22,793.08,534.65,293.87,945.18,298.67,5773.0,58.0,0.866,-0.5,3.305,0.247,0.969,6.423,16.816,15.346,7.951,0.0,6.568383088918646,0.0,2021,4
2021-04-28,2.5,-1.5,165.6,30.3,23.5,633.78,-83.15,-48.46,199.17,199.06,745.88,800.23,53.53,293.67,924.64,300.35,5788.0,52.33,0.866,-0.5,2.481,0.2504,0.9681,4.821,12.623,11.554,5.982,6.1520350234755785,0.0,15.118402255582073,2021,4
2021-04-29,0.31,-2.29,183.4,33.5,24.3,460.4,-77.41,-45.54,217.96,217.67,722.4,774.62,35.74,293.9,934.1,299.71,5787.0,53.62,0.866,-0.5,2.039,0.6997,0.7145,3.974,10.426,12.463,7.141,9.538764938094625,0.7708455184311124,1.2655445056865802,2021,4
2021-04-30,0.82,-1.47,181.39,33.3,24.1,341.84,-123.37,-82.76,215.52,215.29,682.96,727.06,233.63,293.51,924.28,300.22,5789.0,53.0,0.866,-0.5,0.746,0.225,0.9744,1.449,3.793,3.397,1.768,15.04900639690385,0.5648319980600756,2.548587026743251,2021,4
2021-05-01,0.26,-1.84,176.79,32.9,25.5,241.52,-217.18,-166.51,260.71,262.43,633.09,658.75,552.87,293.25,931.1,299.32,5783.0,53.6,0.5,-0.866,0.857,0.2487,0.9686,1.671,4.384,4.014,2.078,19.71247121809347,0.0,0.2868293775785482,2021,5
2021-05-02,0.65,-1.14,222.19,34.8,24.1,514.41,-106.99,-78.58,199.92,199.83,733.19,756.47,96.62,293.51,922.92,300.34,5792.0,55.36,0.5,-0.866,0.176,0.153,0.9882,0.346,0.912,0.778,0.411,4.38284729165801,4.385156162184089,7.285487439664223,2021,5
2021-05-06,0.43,-1.7,238.4,32.1,22.9,302.52,-51.09,-37.22,260.32,261.7,784.43,837.79,6.81,294.05,934.38,299.83,5780.0,55.81,0.5,-0.866,1.647,0.1805,0.9836,3.22,8.464,7.347,3.859,0.709973362784282,0.7502092014720312,1.1885180978077212,2021,5
2021-05-07,0.38,-2.57,178.41,34.7,26.5,871.99,-194.69,-146.84,159.08,158.3,694.72,719.47,170.26,294.45,937.12,299.99,5800.0,57.2,0.5,-0.866,6.952,0.9993,0.0366,8.626,14.207,7.405,3.968,14.504976087297841,4.495410661787584,9.830854254657888,2021,5
2021-05-08,0.22,-1.49,189.0,33.6,24.1,241.21,-153.55,-108.77,284.08,284.39,634.99,657.28,24.8,292.88,917.48,300.2,5793.0,56.1,0.5,-0.866,1.807,0.2215,0.9751,3.533,9.286,8.324,4.333,1.5654982407360516,4.884438087538172,0.0,2021,5
2021-05-09,1.38,-1.1,184.6,30.3,23.5,246.26,-234.08,-170.8,277.96,276.95,570.89,579.73,111.19,292.73,913.51,300.41,5799.0,55.59,0.5,-0.866,2.707,0.1771,0.9842,5.261,13.774,11.883,6.248,8.413536664724173,0.0,0.0,2021,5
2021-05-10,0.82,-3.08,202.01,31.7,24.7,1277.52,-74.69,-28.61,148.07,148.0,712.18,789.25,1655.49,295.52,946.77,300.2,5803.0,55.68,0.5,-0.866,2.993,0.284,0.9588,5.889,15.544,14.757,7.592,2.3911481963711965,9.672878603357018,0.596463971994967,2021,5
2021-05-11,1.06,-2.46,202.98,31.1,23.1,1000.58,-40.75,-22.28,152.37,151.9,798.75,857.32,2991.4,295.55,944.76,300.42,5808.0,54.81,0.5,-0.866,0.621,0.1788,0.9839,1.217,3.206,2.785,1.463,2.238606785357915,2.617870977181561,13.921697308747293,2021,5
2021-05-12,-0.31,-1.83,213.59,35.8,23.1,457.33,-63.95,-47.09,203.17,202.23,766.81,800.12,233.54,294.32,926.08,300.88,5805.0,57.36,0.5,-0.866,2.191,0.95,-0.3123,2.278,2.569,2.008,1.068,19.288900912153544,6.7475244693239524,25.866629116558407,2021,5
2021-05-14,-0.48,-1.6,215.19,31.9,23.3,449.94,-98.21,-66.31,200.98,200.77,682.98,756.06,3136.83,295.11,943.97,300.04,5810.0,54.64,0.5,-0.866,1.291,0.2974,0.9548,2.549,6.741,6.485,3.33,6.701790098918388,0.0,0.0,2021,5
2021-05-15,1.66,-0.35,201.38,29.3,22.1,94.45,-149.61,-74.9,304.72,300.58,591.53,669.77,4.03,293.52,916.5,300.94,5811.0,49.9,0.5,-0.866,0.18,0.8151,0.5793,0.353,0.93,1.059,0.697,14.897142661433259,1.1547486899036605,2.9182587362920502,2021,5
2021-05-16,1.35,-1.24,205.38,29.8,23.1,211.38,-94.33,-57.3,254.83,251.65,697.7,773.37,35.55,294.21,929.64,300.43,5808.0,52.19,0.5,-0.866,1.846,0.2317,0.9728,3.632,9.586,8.7,4.518,3.461683755560296,0.0,0.0,2021,5
2021-05-17,-1.48,-3.75,238.79,37.3,23.5,1559.84,-25.2,-16.86,137.77,137.72,850.25,870.83,37.92,296.74,954.52,300.74,5807.0,65.03,0.5,-0.866,3.48,0.993,-0.1184,4.816,9.268,5.936,3.174,5.327103152349872,1.9335554571226081,5.0848747908193515,2021,5
2021-05-18,0.36,-1.94,206.39,33.8,23.5,383.15,-60.5,-33.9,233.47,232.87,729.87,784.32,39.73,294.26,929.47,300.5,5790.0,56.29,0.5,-0.866,2.65,0.7431,0.6691,5.135,13.416,15.989,9.488,6.339183553184797,19.350819073817206,18.513427999993233,2021,5
2021-05-19,1.01,-4.24,219.81,31.7,23.3,1607.98,-3.4,-1.37,143.91,143.59,909.23,924.88,175.55,295.5,929.51,301.75,5794.0,60.69,0.5,-0.866,8.038,-0.776,-0.6307,7.884,7.369,13.38,8.436,14.214635961708606,0.0,6.220107923698389,2021,5
2021-05-20,1.67,-1.8,224.19,30.1,23.5,424.65,-60.99,-28.78,226.77,226.13,729.83,804.47,40.61,293.0,905.67,301.44,5788.0,51.48,0.5,-0.866,0.943,0.2706,0.9627,1.85,4.872,4.562,2.352,4.991526274204161,0.18807276717076232,0.0,2021,5
2021-05-21,-0.46,-1.24,230.6,35.3,22.7,138.2,-37.71,-30.34,413.87,411.33,757.93,792.78,2.85,294.5,950.86,298.78,5783.0,62.19,0.5,-0.866,7.285,-0.9205,-0.3907,9.252,15.808,21.569,11.927,6.40154349359255,0.0,14.150614114186963,2021,5
2021-05-22,1.01,-2.98,229.58,31.8,23.5,927.83,-13.17,-2.34,147.13,146.71,843.66,892.93,154.73,293.82,907.17,302.13,5781.0,54.85,0.5,-0.866,10.846,-0.6587,-0.7524,12.813,19.37,26.498,14.561,6.198893281117947,0.0,3.995286364861052,2021,5
2021-05-23,1.78,-2.38,244.6,24.1,23.3,765.42,-43.04,-23.53,159.44,159.15,789.21,857.49,68.85,294.24,921.25,301.23,5784.0,50.84,0.5,-0.866,2.192,0.1702,0.9854,4.26,11.153,9.581,5.044,7.288394388527923,0.0,3.906787591205853,2021,5
2021-05-25,0.33,-0.28,290.21,36.1,21.5,91.75,-43.86,-36.38,330.89,329.41,753.61,798.48,14.77,293.46,922.72,300.3,5795.0,62.18,0.5,-0.866,9.126,-0.1805,-0.9836,10.967,17.101,18.105,9.29,0.0,0.0,0.0,2021,5
2021-05-27,1.33,-2.09,237.22,32.2,22.1,646.35,-6.68,-4.34,161.52,160.78,906.85,913.05,162.55,294.34,921.91,301.28,5788.0,59.84,0.5,-0.866,6.739,-0.9323,0.3616,11.199,26.066,32.53,18.093,3.518509261220111,5.3970847040689245,12.080752361506327,2021,5
2021-05-31,2.74,-0.75,191.38,29.3,23.1,311.37,-124.75,-65.61,208.27,207.96,649.55,740.48,18.93,293.83,927.92,300.21,5791.0,51.98,0.5,-0.866,1.341,0.1719,0.9851,2.623,6.895,5.948,3.129,0.0,0.0,0.0,2021,5
2021-06-01,1.42,-2.24,180.38,31.7,23.5,702.48,-63.8,-34.23,165.16,165.01,749.7,820.97,61.92,294.69,932.3,300.68,5794.0,54.32,0.0,-1.0,1.513,0.7145,0.6997,2.959,7.777,9.276,5.397,0.0,0.0,0.0,2021,6
2021-06-02,0.85,-2.32,202.01,33.1,23.1,683.31,-33.19,-15.0,177.2,176.81,781.8,858.19,22.43,294.94,937.48,300.45,5800.0,55.2,0.0,-1.0,6.683,-0.9984,-0.0558,8.099,12.822,18.312,10.376,26.16384688433841,0.5103464354827258,0.0,2021,6
2021-06-03,2.22,-1.66,198.41,29.9,22.7,728.82,-37.16,-19.19,178.73,177.44,821.0,846.47,40.35,294.99,936.34,300.61,5797.0,52.77,0.0,-1.0,5.599,0.2706,0.9627,10.983,28.928,27.064,13.958,0.0,0.29901483903638865,0.0,2021,6
2021-06-04,0.95,-3.36,195.59,32.1,23.3,1367.62,-17.42,-7.82,141.49,141.1,854.97,897.17,37.15,295.77,941.91,300.9,5799.0,55.72,0.0,-1.0,1.467,0.2874,0.9578,2.868,7.539,7.146,3.676,0.0,0.0,0.0,2021,6
2021-06-06,2.64,-1.96,191.38,30.9,22.7,680.44,-21.81,-7.56,195.41,194.78,803.46,876.51,258.87,293.56,910.74,301.53,5790.0,55.71,0.0,-1.0,7.87,-0.8572,-0.515,8.506,10.626,16.649,9.805,3.5407949419567237,0.9222832090674488,11.318677764968983,2021,6
2021-06-07,2.26,-3.33,209.78,28.3,23.9,915.18,-12.15,-3.85,164.17,162.67,883.86,904.07,45.78,294.04,916.79,301.45,5779.0,50.29,0.0,-1.0,16.713,-0.7046,-0.7096,18.434,24.172,39.017,23.737,0.0,0.0,0.0,2021,6
2021-06-08,2.66,-3.06,209.81,25.9,23.5,826.1,-6.35,-1.04,166.13,165.5,888.82,900.45,953.63,293.7,906.06,302.12,5796.0,48.27,0.0,-1.0,2.864,0.3272,0.9449,5.637,14.877,14.658,7.502,12.15940387258889,0.0,2.698210637210727,2021,6
2021-06-09,1.82,-2.4,210.99,32.1,24.1,637.43,-54.42,-20.72,186.04,184.38,766.05,824.04,146.58,293.35,908.18,301.56,5786.0,54.61,0.0,-1.0,2.302,0.2147,0.9767,4.488,11.773,10.481,5.464,1.5283375340415593,0.0,0.0,2021,6
2021-06-10,-1.4,-2.78,276.18,38.7,23.1,450.8,-2.59,-1.69,323.73,333.66,925.39,930.31,32.91,294.36,951.53,298.59,5760.0,62.08,0.0,-1.0,16.818,-0.9774,-0.2113,18.65,24.758,38.33,22.522,15.263250797771882,1.6468054518460846,10.083897532704027,2021,6
2021-06-11,1.76,-2.86,239.19,27.7,23.1,982.71,-14.41,-5.57,163.65,163.26,858.73,885.71,116.77,293.73,909.95,301.78,5786.0,54.33,0.0,-1.0,3.191,0.2284,0.9736,6.24,16.402,14.79,7.688,3.5869712296188827,0.0,3.5937522826121895,2021,6
2021-06-12,-3.09,-4.33,284.22,41.5,23.9,1429.63,-12.4,-9.87,0.0,885.76,0.0,892.84,47.48,295.11,938.51,300.54,5766.0,68.71,0.0,-1.0,7.362,-0.5195,-0.8545,9.414,16.254,20.757,11.052,0.5502672911810745,1.0305326835074962,4.062091642523391,2021,6
2021-06-13,3.15,-4.23,193.81,31.3,23.9,1499.84,-2.05,0.0,144.7,144.68,907.05,926.09,66.44,294.97,926.09,301.54,5787.0,48.46,0.0,-1.0,9.968,-0.7934,-0.6088,14.582,29.963,35.414,18.341,2.9874009135327895,0.4181241355654177,0.0,2021,6
2021-06-14,1.01,-1.0,228.19,32.0,23.9,201.12,-122.77,-76.36,322.79,335.93,652.63,720.4,11.54,292.77,913.08,300.5,5787.0,53.28,0.0,-1.0,4.024,-0.2385,-0.9711,4.919,7.9,7.401,3.749,7.887876147627895,0.0,22.53283554488469,2021,6
2021-06-15,1.67,-1.63,221.41,34.0,22.9,359.41,-37.96,-19.59,263.93,262.68,813.29,857.18,60.49,293.24,921.11,300.23,5774.0,55.7,0.0,-1.0,16.946,-0.5563,-0.831,20.812,33.698,42.27,22.387,0.0,0.0,0.0,2021,6
2021-06-16,1.83,-4.45,193.01,31.8,24.5,1260.98,-11.96,-3.01,167.61,164.62,868.11,902.23,347.12,294.2,918.98,301.41,5764.0,55.52,0.0,-1.0,9.483,-0.7083,-0.7059,13.549,27.102,30.558,15.615,0.0,0.0,0.0,2021,6
2021-06-17,0.87,-2.07,205.22,25.9,24.3,526.94,-112.01,-21.71,234.77,234.61,623.76,759.8,143.86,292.42,899.78,301.4,5779.0,48.34,0.0,-1.0,7.053,-0.6534,-0.757,8.824,14.725,19.309,10.403,0.0,0.0,0.0,2021,6
2021-06-18,4.22,-3.07,134.99,20.9,25.9,498.13,-108.66,-39.52,234.22,233.85,693.27,809.92,40.23,293.26,924.32,299.95,5766.0,41.99,0.0,-1.0,2.073,0.274,0.9617,4.017,10.495,9.784,5.045,0.0,0.0,0.0,2021,6
2021-06-19,0.09,-2.62,184.98,30.5,24.5,659.2,-91.75,-43.71,209.98,209.48,689.78,788.49,44.98,293.0,915.17,300.54,5773.0,49.58,0.0,-1.0,1.729,0.2096,0.9778,3.37,8.842,7.834,4.089,0.0,0.0,0.0,2021,6
2021-06-20,1.1,-2.38,190.6,27.7,24.9,740.38,-99.7,-37.91,210.72,210.36,671.37,759.29,207.0,292.51,903.37,301.14,5777.0,47.56,0.0,-1.0,9.116,-0.9232,-0.3843,11.867,21.036,28.076,15.351,0.0,0.0,0.0,2021,6
2021-06-21,3.15,-0.01,174.81,30.8,23.9,37.5,-138.76,-101.91,501.02,476.62,721.44,747.42,27.01,291.85,915.31,299.35,5757.0,48.8,0.0,-1.0,5.854,0.2588,0.9659,11.377,29.785,27.471,14.199,6.6763603888059695,0.0,6.805441668804578,2021,6
2021-06-22,1.75,-3.27,204.82,30.9,23.5,1349.6,-9.19,-3.77,158.13,157.85,859.34,915.07,385.68,295.15,940.6,300.39,5772.0,53.39,0.0,-1.0,4.298,0.247,0.969,8.43,22.205,20.361,10.545,22.685151468657434,1.5847855047535238,1.4041891289523278,2021,6
2021-06-23,2.42,-1.71,210.8,30.6,22.7,362.21,-22.64,-9.56,236.47,235.59,845.97,872.66,46.55,292.61,907.08,300.89,5761.0,52.98,0.0,-1.0,8.217,-0.7133,-0.7009,11.063,20.55,23.42,12.009,0.0,0.0,0.0,2021,6
2021-06-24,-1.6,-1.73,231.2,37.3,23.3,348.55,-46.71,-40.98,300.3,297.09,833.49,836.97,40.91,292.5,923.4,299.25,5757.0,56.96,0.0,-1.0,8.097,0.2823,0.9593,15.832,41.618,39.323,20.239,0.0,0.0,0.0,2021,6
2021-06-26,2.99,-1.72,190.02,28.8,22.3,426.22,-15.96,-7.92,219.98,219.8,867.75,893.15,1753.81,293.27,923.96,300.0,5774.0,51.57,0.0,-1.0,5.73,0.2857,0.9583,11.136,29.156,27.523,14.161,0.0,0.0,0.0,2021,6
2021-06-27,2.06,-1.27,214.99,30.4,22.9,444.44,-63.08,-24.13,221.46,220.55,688.53,800.25,8.39,292.83,910.02,300.85,5774.0,49.66,0.0,-1.0,5.35,-0.7923,-0.6101,6.545,10.526,13.628,7.303,0.0,0.0,0.0,2021,6
2021-06-28,3.77,-2.48,186.78,27.6,21.7,737.73,-6.21,-4.66,0.0,916.05,0.0,919.0,110.33,293.76,927.36,300.18,5765.0,48.03,0.0,-1.0,3.121,0.3024,0.9532,6.066,15.882,15.198,7.802,12.1154903710417,3.583545101133551,16.23063529369333,2021,6
2021-06-29,-0.78,-3.05,214.18,34.0,23.9,693.2,-28.4,-17.42,195.66,195.48,844.48,867.11,201.75,293.86,933.63,299.71,5766.0,53.11,0.0,-1.0,9.686,0.2605,0.9655,18.94,49.788,46.111,23.824,0.0,0.0,0.0,2021,6
2021-06-30,3.71,-0.85,173.01,25.5,23.5,161.08,-106.07,-37.03,280.83,279.76,623.55,707.09,14.62,291.61,896.06,300.92,5779.0,45.26,0.0,-1.0,6.062,-0.632,-0.7749,8.911,18.405,22.663,11.965,0.0,0.0,0.0,2021,6
2021-07-02,1.58,-2.62,172.2,29.1,24.5,789.34,-67.45,-25.74,185.04,184.97,726.17,817.92,71.59,293.77,928.63,300.08,5779.0,49.25,-0.5,-0.866,1.932,0.2351,0.972,3.79,9.984,9.072,4.708,0.0,0.0,0.0,2021,7
2021-07-05,0.82,-1.65,202.41,34.9,24.1,379.97,-65.06,-38.66,196.33,195.85,763.7,784.41,15.0,293.16,912.32,300.97,5786.0,53.47,-0.5,-0.866,1.649,0.2079,0.9781,3.255,8.608,7.67,4.003,0.0,0.0,0.0,2021,7
2021-07-07,3.27,-2.84,223.8,29.7,23.3,573.46,-15.6,-4.02,208.73,208.33,858.64,886.36,84.76,292.95,903.64,301.56,5769.0,53.32,-0.5,-0.866,10.682,-0.9391,-0.3437,14.992,29.357,36.594,19.357,9.968742734622293,0.4559942860014553,0.0,2021,7
2021-07-08,4.51,-1.41,205.0,30.2,22.7,287.0,-36.3,-17.9,234.38,233.86,800.96,868.7,8.14,293.78,928.78,300.07,5778.0,53.47,-0.5,-0.866,4.509,0.2605,0.9655,8.846,23.299,21.634,11.174,0.0,0.0,0.0,2021,7
2021-07-09,0.42,-2.88,258.37,36.7,23.3,626.03,-12.9,-6.97,230.64,230.2,860.33,891.4,46.5,294.36,933.07,300.27,5781.0,61.09,-0.5,-0.866,7.829,-0.6807,-0.7325,11.437,23.465,27.568,14.247,18.58231550166097,0.0,3.835727862196362,2021,7
2021-07-10,2.2,-0.38,276.8,33.2,21.3,43.17,-0.71,-0.24,446.57,450.9,936.64,942.1,5.5,294.16,952.79,298.27,5767.0,61.56,-0.5,-0.866,12.788,-0.5807,-0.8141,16.648,29.513,34.679,17.942,3.2892003628465942,7.248471653602668,0.9991890744152946,2021,7
2021-07-11,3.63,-1.5,220.01,32.2,22.7,250.27,-24.28,-7.34,387.94,245.72,805.97,870.54,100.36,293.23,913.16,300.96,5776.0,58.77,-0.5,-0.866,8.294,-0.5577,-0.83,9.339,12.823,21.029,14.936,16.338132849768353,4.708163096350265,2.7913474377209457,2021,7
2021-07-14,2.73,-1.24,179.21,28.6,22.5,419.85,-56.96,-19.6,0.0,716.23,0.0,859.24,134.68,293.42,922.43,300.3,5782.0,50.92,-0.5,-0.866,3.886,0.2823,0.9593,7.622,20.075,18.996,9.776,0.0,0.0,0.0,2021,7
2021-07-16,3.41,-1.3,182.82,28.9,24.5,96.56,-146.21,-61.88,369.01,367.39,551.37,747.76,2.38,293.28,940.78,298.46,5776.0,49.34,-0.5,-0.866,4.22,0.2504,0.9681,8.226,21.58,19.784,10.242,0.0,0.0,0.0,2021,7
2021-07-17,2.84,-0.46,194.58,24.6,22.3,375.79,-110.31,-46.49,230.37,229.82,661.89,806.05,11.79,293.42,928.72,299.72,5788.0,45.35,-0.5,-0.866,4.224,0.2907,0.9568,8.234,21.602,20.518,10.548,0.0,0.0,0.0,2021,7
2021-07-18,2.24,-1.43,215.6,26.2,22.9,395.02,-59.37,-19.25,214.09,213.37,722.23,842.27,17.83,293.72,930.54,299.84,5776.0,47.44,-0.5,-0.866,0.916,0.2773,0.9608,1.809,4.784,4.519,2.327,0.0,0.0,0.0,2021,7
2021-07-20,0.5,-4.56,250.79,30.9,21.5,1880.58,-6.27,-5.33,145.77,145.75,914.99,917.27,78.92,295.21,930.32,301.39,5766.0,58.3,-0.5,-0.866,3.274,0.294,0.9558,6.364,16.661,15.838,8.14,1.1218439309470536,0.10443423940954275,20.359873690340308,2021,7
2021-07-21,0.78,-3.18,255.81,28.6,23.7,746.52,-9.96,-4.7,195.13,193.21,878.94,891.26,24.81,293.32,907.54,301.59,5777.0,49.1,-0.5,-0.866,7.91,-0.8796,-0.4756,12.565,28.082,32.663,16.889,0.0,0.0,0.0,2021,7
2021-07-22,2.1,-1.48,243.59,26.4,22.1,887.65,-18.89,-9.86,185.09,184.83,846.11,868.7,49.85,293.49,910.07,301.52,5784.0,45.43,-0.5,-0.866,9.475,-0.9184,-0.3955,10.71,14.824,22.889,13.52,0.0,0.0,0.0,2021,7
2021-07-23,1.86,-4.04,221.78,25.7,24.3,1353.17,-6.15,-0.6,149.99,150.0,894.78,909.79,142.94,294.14,914.23,301.79,5785.0,46.64,-0.5,-0.866,9.679,-0.9403,-0.3404,15.112,33.224,39.696,20.746,0.0,16.48089984143447,1.0006780232848274,2021,7
2021-07-24,0.75,-4.8,220.39,28.7,25.5,1062.29,-18.87,-5.49,172.02,171.6,825.59,880.73,587.49,293.43,906.67,301.77,5786.0,50.83,-0.5,-0.866,10.332,-0.3437,-0.9391,16.286,36.134,36.26,18.332,0.0,0.0,0.0,2021,7
2021-07-27,5.56,-1.02,198.01,19.5,22.5,302.78,-10.39,-8.92,260.69,259.56,886.76,888.76,42.98,292.53,900.0,301.48,5785.0,42.34,-0.5,-0.866,12.729,-0.9449,-0.3272,16.556,29.312,37.743,20.188,0.0,1.0245457201041057,0.2202943660364494,2021,7
2021-07-28,0.44,-1.91,239.2,34.1,23.1,636.76,-42.84,-32.33,199.78,199.72,810.56,859.71,42.16,293.89,926.87,300.36,5783.0,55.08,-0.5,-0.866,11.276,-0.7157,-0.6984,18.22,41.368,45.054,22.921,0.0,4.069076764763276,0.9944638108959475,2021,7
2021-07-30,0.2,-3.05,238.79,33.3,23.7,559.79,-13.48,-4.99,205.19,204.82,851.17,877.8,165.94,293.14,908.31,301.32,5778.0,57.44,-0.5,-0.866,8.762,-0.5779,-0.8161,12.188,23.606,31.16,17.193,0.0,0.0,0.0,2021,7
2021-07-31,1.64,-2.81,203.6,27.8,23.5,888.08,-21.42,-8.02,192.96,192.29,813.75,882.42,195.86,293.75,918.16,301.02,5783.0,51.82,-0.5,-0.866,11.08,-0.5962,-0.8028,16.627,35.117,37.822,19.18,0.0,0.0,0.0,2021,7
2021-08-03,3.21,-1.53,237.61,26.1,22.3,702.88,-18.27,-3.58,194.29,194.1,823.93,887.18,354.55,293.43,914.5,301.04,5785.0,49.14,-0.866,-0.5,8.932,-0.4633,-0.8862,13.518,28.808,30.478,15.428,0.0,0.0,0.0,2021,8
2021-08-06,2.92,-1.51,210.02,27.5,22.5,513.91,-16.06,-2.08,216.38,215.83,794.22,883.78,1137.55,293.19,908.8,301.33,5785.0,49.46,-0.866,-0.5,7.573,-0.0454,-0.999,11.874,26.21,24.991,12.656,0.0,0.0,0.0,2021,8
2021-08-08,1.0,-3.17,212.61,32.6,22.9,1071.28,-3.19,-1.15,191.19,191.1,920.04,923.44,86.91,294.27,925.72,300.86,5786.0,54.36,-0.866,-0.5,10.363,-0.9905,-0.1374,15.296,31.738,41.467,23.281,0.7944257481883708,5.714884126429485,0.1166688931561229,2021,8
2021-08-10,2.3,-2.17,222.99,33.7,22.7,1191.45,-15.96,-3.62,154.45,154.43,823.88,915.63,366.98,295.72,950.78,300.03,5798.0,57.57,-0.866,-0.5,12.961,-0.7944,-0.6074,14.063,17.736,25.698,14.57,0.0,2.833819474521602,1.4604582879030459,2021,8
2021-08-11,1.61,0.25,233.62,31.3,21.5,23.22,-25.73,-17.83,521.49,480.71,831.87,842.0,1.66,291.54,899.03,300.57,5777.0,51.75,-0.866,-0.5,11.413,-0.7193,-0.6947,18.356,41.499,44.643,22.67,0.0,0.0,0.0,2021,8
2021-08-14,3.51,-0.79,196.61,28.5,21.7,184.23,-54.21,-24.49,268.02,267.99,647.9,869.46,953.77,293.24,921.86,300.16,5777.0,53.15,-0.866,-0.5,2.306,0.2756,0.9613,4.537,11.975,11.282,5.812,6.057309716496366,5.055503692071639,38.077077211177965,2021,8
2021-08-19,1.56,-0.63,192.01,33.4,23.3,206.53,-51.64,-32.4,339.82,346.79,770.92,793.5,12.06,292.09,911.33,299.95,5757.0,51.13,-0.866,-0.5,5.892,0.9863,-0.165,9.561,21.792,15.905,8.564,2.466695725884558,0.0,9.266801401310664,2021,8
2021-08-20,1.65,-0.81,175.8,31.5,23.1,117.47,-62.2,-37.55,327.32,333.5,733.09,784.27,17.58,292.75,928.49,299.04,5758.0,52.08,-0.866,-0.5,4.971,0.2723,0.9622,9.691,25.422,23.763,12.252,19.332415076790802,0.0,12.676948727524046,2021,8
2021-08-22,0.1,-0.23,203.99,36.1,22.5,31.12,-59.02,-50.06,443.93,441.49,694.63,733.24,1.12,292.49,940.83,297.65,5749.0,56.07,-0.866,-0.5,6.095,0.247,0.969,11.955,31.489,28.879,14.956,5.227542713771166,6.3516783494663684,0.0,2021,8
2021-08-23,-1.01,0.58,234.6,37.0,22.1,172.2,-65.26,-63.56,367.7,366.53,716.91,737.06,26.69,292.89,948.07,297.41,5741.0,60.5,-0.866,-0.5,1.028,0.2504,0.9681,2.003,5.255,4.82,2.495,0.936526015498342,10.041834675920434,8.91646207549045,2021,8
2021-08-24,4.82,0.06,178.4,26.9,22.7,0.0,0.0,-33.29,0.0,462.42,0.0,633.05,0.0,290.63,886.35,300.85,5767.0,45.99,-0.866,-0.5,9.977,-0.7133,-0.7009,13.632,25.816,29.656,15.227,0.0,0.0,0.0,2021,8
2021-08-26,1.61,-0.33,209.6,31.7,23.9,11.67,-173.27,-121.82,469.46,467.95,579.91,586.55,0.36,292.48,935.62,298.12,5759.0,51.7,-0.866,-0.5,5.431,0.2011,0.9796,10.721,28.355,25.129,13.133,0.0,0.0,0.0,2021,8
2021-08-27,4.19,-0.12,170.2,23.9,22.3,123.3,-108.16,-37.73,321.08,326.74,635.79,697.37,30.65,293.38,939.95,298.64,5773.0,48.79,-0.866,-0.5,4.13,0.2588,0.9659,8.152,21.561,20.041,10.354,0.0,0.0,0.0,2021,8
2021-08-28,3.56,-2.55,167.38,30.8,23.1,553.88,-8.12,-2.15,238.62,238.16,871.05,909.87,224.21,293.59,924.96,300.23,5764.0,52.47,-0.866,-0.5,5.513,0.2639,-0.9646,7.818,15.501,13.93,7.042,0.0,0.0,0.0,2021,8
2021-08-30,0.39,-3.03,208.4,36.9,23.5,712.93,-9.34,-6.09,201.81,201.39,876.54,899.28,587.64,294.82,956.43,298.63,5764.0,61.28,-0.866,-0.5,5.041,0.2487,0.9686,9.826,25.779,23.618,12.228,5.319794593886071,0.0,0.0,2021,8
2021-09-03,4.54,0.16,180.78,10.3,22.9,55.27,-124.98,-52.12,509.12,463.37,691.0,785.66,3.58,291.37,905.91,299.72,5763.0,42.0,-1.0,-0.0,3.028,0.2656,0.9641,5.94,15.645,14.578,7.525,0.0,0.0,0.0,2021,9
2021-09-04,3.26,-1.95,177.2,18.7,24.1,261.03,-67.23,-30.12,328.32,326.97,739.16,834.81,12.27,292.52,917.18,299.86,5757.0,42.16,-1.0,-0.0,5.368,0.2351,0.972,10.465,27.452,24.855,12.904,20.23586285836854,8.82720396460538,0.0,2021,9
2021-09-05,2.88,-3.0,169.41,16.3,25.1,416.94,-71.37,-21.94,274.04,275.05,700.58,834.2,280.22,293.11,921.55,300.06,5757.0,45.34,-1.0,-0.0,4.602,0.1616,0.9869,9.055,23.898,20.531,10.824,0.0,0.0,0.0,2021,9
2021-09-06,2.18,-2.59,171.62,14.9,25.1,147.31,-135.94,-31.58,442.22,297.97,632.38,745.81,13.81,292.04,907.68,300.26,5768.0,39.94,-1.0,-0.0,4.473,0.2351,0.972,8.773,23.109,20.98,10.891,0.0,0.0,0.0,2021,9
2021-09-07,2.81,-3.01,180.2,24.2,22.1,619.75,-5.74,-2.71,223.72,222.89,905.58,910.7,241.44,292.69,910.7,300.64,5751.0,46.95,-1.0,-0.0,7.578,-0.9774,-0.2113,11.803,25.886,31.442,16.586,0.0,0.0,0.0,2021,9
2021-09-10,3.43,-0.43,232.98,27.5,21.5,83.62,-20.35,-9.46,301.49,300.56,824.19,870.75,4.61,292.33,904.47,300.86,5780.0,51.52,-1.0,-0.0,8.437,-0.4894,-0.8721,12.635,26.626,27.452,13.869,0.0,10.687100386596335,0.0,2021,9
2021-09-12,0.66,-3.75,220.99,32.6,24.1,1281.51,-2.45,-0.28,0.0,918.0,0.0,924.7,1726.59,293.99,925.4,300.6,5762.0,54.07,-1.0,-0.0,5.343,-0.9903,-0.1392,7.486,14.629,19.668,11.198,0.0,0.0,16.655715312596925,2021,9
2021-09-13,1.01,-2.65,238.6,33.8,24.5,327.36,-26.29,-7.89,400.1,385.33,795.0,832.23,129.75,292.52,909.16,300.61,5764.0,50.58,-1.0,-0.0,10.231,-0.5892,-0.808,13.145,22.858,26.569,13.723,3.3308029799228205,14.201035515603538,4.85533090402258,2021,9
2021-09-16,2.52,-0.6,182.01,32.8,22.9,142.94,-92.68,-49.75,247.6,247.45,738.31,785.58,969.23,292.79,919.93,299.88,5789.0,50.73,-1.0,-0.0,1.708,0.23,0.9732,3.349,8.822,7.974,4.144,0.5276155067261066,18.0188262029018,3.13591135649248,2021,9
2021-09-17,7.81,0.35,83.19,25.2,23.9,27.24,-210.06,-138.51,391.27,388.03,689.57,703.79,5.26,291.57,910.98,299.47,5771.0,45.05,-1.0,-0.0,2.929,0.2723,0.9622,5.709,14.978,14.001,7.219,0.0,0.0,11.98749860993368,2021,9
2021-09-19,4.82,-0.39,145.0,28.7,23.7,35.69,-141.34,-79.77,364.68,361.37,654.83,719.62,7.42,292.57,914.55,300.16,5780.0,48.96,-1.0,-0.0,1.759,0.225,0.9744,3.429,8.996,8.078,4.202,0.0,0.0,0.0,2021,9
2021-09-20,0.39,0.65,221.78,37.0,20.9,43.6,-13.27,-14.12,557.12,559.65,821.87,816.84,2.0,293.79,960.12,297.25,5758.0,64.72,-1.0,-0.0,8.622,-0.81,-0.5864,12.971,27.465,35.18,19.335,14.443235945514344,2.697688704005315,3.435634238189064,2021,9
2021-09-21,1.38,-0.85,233.0,32.9,22.5,79.84,-58.22,-31.92,396.65,390.18,664.5,840.89,25.11,292.68,926.05,299.21,5772.0,55.88,-1.0,-0.0,2.136,0.165,0.9863,4.204,11.096,9.551,5.032,0.0,0.0,0.0,2021,9
2021-09-23,2.71,-2.82,193.62,27.5,23.7,610.96,-28.95,-3.17,180.25,179.93,641.69,918.76,35.89,294.19,936.38,299.79,5772.0,50.52,-1.0,-0.0,1.329,0.2011,0.9796,2.592,6.799,5.987,3.13,0.0,0.0,0.0,2021,9
2021-09-24,2.48,-0.34,215.79,31.2,22.1,228.89,-58.33,-35.56,194.13,192.39,769.94,815.37,12.69,293.25,923.06,300.07,5778.0,51.49,-1.0,-0.0,0.594,0.0297,0.9996,1.166,3.07,2.481,1.335,9.86827694634727,0.23508780513036817,0.10749888402921645,2021,9
2021-09-25,2.12,-0.22,218.0,31.3,23.3,13.47,-234.97,-186.54,405.13,399.51,529.04,536.24,0.74,292.14,915.98,299.57,5782.0,56.23,-1.0,-0.0,6.237,-0.9978,-0.0663,9.234,19.223,24.326,13.117,5.337092130015124,0.10880009408736414,2.92566605295848,2021,9
2021-09-27,2.34,0.13,180.39,32.1,22.9,0.0,0.0,-79.65,0.0,495.9,0.0,716.58,0.0,292.78,931.64,298.8,5773.0,54.04,-1.0,-0.0,4.862,0.2571,0.9664,9.597,25.382,23.583,12.186,2.100652754591257,0.0,0.0,2021,9
2021-09-28,1.96,0.18,194.98,33.0,23.1,0.0,0.0,-110.46,0.0,489.22,0.0,603.42,0.0,292.45,923.89,299.17,5781.0,51.78,-1.0,-0.0,2.456,0.2079,0.9781,4.832,12.754,11.339,5.919,7.694098185435997,21.00464416113541,0.2096793598197348,2021,9
2021-09-29,1.38,-0.13,200.19,33.2,24.3,17.18,-229.81,-158.04,363.69,362.04,502.85,617.02,4.45,292.79,924.34,299.47,5787.0,51.77,-1.0,-0.0,6.42,0.2756,0.9613,12.554,32.999,30.961,15.956,0.0,6.816559925970017,4.486249773512725,2021,9
2021-09-30,1.74,1.23,213.0,33.2,22.1,24.81,-163.78,-130.93,351.37,349.71,629.77,666.62,504.35,293.08,934.43,298.85,5792.0,54.96,-1.0,-0.0,0.885,0.3074,0.9516,1.747,4.621,4.48,2.298,5.729522856500449,5.268318865635425,5.133081756807443,2021,9
2021-10-01,0.33,-1.84,217.6,34.1,23.5,229.29,-73.13,-46.63,261.8,260.35,726.27,785.67,41.32,293.62,927.59,300.03,5787.0,54.57,-0.866,0.5,3.582,0.247,0.969,7.048,18.602,17.084,8.848,1.4739472294201352,4.159690378522225,0.0,2021,10
2021-10-02,1.92,-1.95,191.8,30.2,23.3,383.54,-54.6,-21.23,269.83,270.88,717.76,860.92,35.11,293.24,925.8,299.79,5766.0,50.99,-0.866,0.5,4.894,0.2317,0.9728,9.51,24.899,22.45,11.664,0.0,0.0,0.0,2021,10
2021-10-03,4.33,0.68,157.21,24.1,23.5,10.34,-230.6,-138.31,339.28,338.77,487.69,491.55,0.36,291.11,898.27,300.19,5780.0,47.94,-0.866,0.5,5.158,0.2605,0.9655,10.117,26.647,24.737,12.778,11.010658399557991,2.430126678132068,0.0,2021,10
2021-10-04,4.03,-0.35,156.39,26.3,23.1,143.58,-127.95,-49.83,243.34,242.7,625.29,709.25,308.14,292.57,918.36,299.8,5780.0,47.85,-0.866,0.5,3.993,0.2351,0.972,7.808,20.524,18.599,9.657,0.0,0.0,0.0,2021,10
2021-10-05,-0.86,-1.91,247.39,37.7,22.7,774.65,-25.77,-22.36,175.58,172.17,847.37,849.87,54.35,294.44,937.84,299.91,5778.0,64.33,-0.866,0.5,2.149,0.1754,0.9845,4.242,11.22,9.745,5.122,7.499784577800947,1.7437269223515117,1.434209539820681,2021,10
2021-10-06,1.93,-0.59,215.98,29.9,22.9,19.29,-126.06,-70.06,464.32,464.5,575.09,579.6,4.47,290.99,894.4,300.45,5766.0,51.26,-0.866,0.5,6.088,-0.9751,0.2215,9.973,22.923,28.626,15.783,0.0,0.0,0.0,2021,10
2021-10-07,2.49,0.74,265.22,33.5,21.3,0.0,0.0,-34.53,0.0,642.4,0.0,754.56,0.0,292.22,920.76,299.21,5773.0,58.23,-0.866,0.5,9.245,-0.9677,0.2521,10.262,13.654,22.115,13.59,0.0,0.0,0.0,2021,10
2021-10-08,2.26,-2.2,252.21,30.9,22.3,500.98,-5.45,-1.44,172.48,169.81,884.17,909.35,57.72,293.91,922.42,300.78,5782.0,57.69,-0.866,0.5,12.411,-0.974,-0.2267,16.54,30.303,40.671,22.479,1.01513066637689,8.795034408124694,24.308847575940934,2021,10
2021-10-09,-1.98,-2.59,280.39,40.1,23.9,291.75,-1.67,-0.78,370.43,371.79,930.88,937.68,27.24,294.21,953.99,298.21,5771.0,63.03,-0.866,0.5,7.589,-0.5906,-0.807,7.005,5.059,9.715,6.281,9.478801004400989,0.840423905666248,0.3019341511947604,2021,10
2021-10-10,2.4,-0.89,241.59,23.0,21.7,449.22,-16.95,-5.26,175.71,174.6,833.08,899.84,30.01,293.45,915.79,300.94,5791.0,49.64,-0.866,0.5,5.402,-0.6934,-0.7206,5.595,6.237,9.424,5.479,0.0,0.0,0.0,2021,10
2021-10-11,1.57,-1.68,242.39,30.8,23.1,209.54,-28.18,-11.75,294.55,292.65,810.96,847.82,12.36,292.61,904.23,301.17,5783.0,50.68,-0.866,0.5,8.305,-0.213,-0.977,10.342,17.133,16.888,8.56,0.0,0.0,0.0,2021,10
2021-10-12,2.59,-1.7,230.21,32.0,23.9,186.5,-113.17,-66.37,396.19,393.89,648.07,670.25,20.44,292.23,910.58,300.18,5784.0,53.87,-0.866,0.5,7.856,-0.8669,-0.4985,9.458,14.798,20.389,11.254,17.339129161388993,1.4001525255252285,3.007802665201813,2021,10
2021-10-13,1.8,-0.74,241.61,30.4,22.1,90.17,-74.88,-10.7,315.3,314.02,623.63,851.86,5.12,292.45,905.91,300.85,5787.0,53.57,-0.866,0.5,10.203,-0.8018,-0.5976,15.075,31.318,36.465,18.796,0.0,0.0,0.0,2021,10
2021-10-14,1.53,-1.45,262.58,30.8,21.5,520.43,-23.45,-11.56,192.53,191.72,865.47,884.0,127.44,294.01,920.9,301.04,5791.0,56.03,-0.866,0.5,17.865,-0.8771,-0.4802,20.697,30.139,41.785,23.113,4.661894046583231,4.173598664271568,0.4944825790019217,2021,10
2021-10-15,7.11,2.13,199.0,23.1,20.1,90.23,-92.06,-29.04,537.33,530.76,679.75,731.7,13.36,291.74,892.59,301.4,5775.0,47.04,-0.866,0.5,6.548,-0.6534,-0.757,9.951,21.294,25.596,13.384,0.0,0.0,0.0,2021,10
2021-10-16,5.21,0.19,176.21,25.7,23.1,30.07,-156.81,-85.45,334.25,344.86,477.96,741.77,2.74,293.54,929.39,299.78,5792.0,47.31,-0.866,0.5,5.617,0.23,0.9732,11.124,29.48,26.778,13.911,9.390172909330044,2.5750040391399014,0.0,2021,10
2021-10-17,2.06,-2.52,218.0,30.6,23.1,823.85,-4.5,-2.78,154.4,154.3,917.26,919.17,108.19,294.12,919.17,301.31,5785.0,53.65,-0.866,0.5,1.547,0.2639,0.9646,3.053,8.075,7.542,3.893,8.094046166874548,2.6657741131046535,0.15794262198796644,2021,10
2021-10-18,2.18,-1.43,180.18,33.5,23.9,338.41,-85.64,-52.14,220.62,220.24,760.25,791.45,32.21,293.45,930.01,299.63,5770.0,55.88,-0.866,0.5,5.178,0.2351,0.972,10.125,26.615,24.125,12.525,6.437223101166373,0.4001521792762953,0.0,2021,10
2021-10-20,1.42,0.44,234.21,34.5,21.7,69.12,-72.79,-58.61,362.52,366.97,727.63,756.86,4.2,293.51,945.97,298.23,5770.0,55.37,-0.866,0.5,3.913,0.2924,0.9563,7.558,19.708,18.63,9.579,0.0,0.0,0.0,2021,10
2021-10-23,1.44,-0.71,173.61,32.9,23.5,51.19,-115.38,-75.21,447.86,444.58,634.9,657.91,6.9,292.52,927.51,298.9,5770.0,53.66,-0.866,0.5,4.365,0.2807,0.9598,8.431,21.986,20.6,10.609,1.4217580965623793,0.0,0.0,2021,10
2021-10-25,1.1,-0.6,187.19,33.7,23.7,109.32,-147.77,-112.77,320.41,323.0,660.28,711.51,26.03,292.81,920.34,299.87,5786.0,55.26,-0.866,0.5,1.078,0.3437,0.9391,2.122,5.601,5.599,2.862,0.0,0.0,2.3413584769066214,2021,10
2021-10-26,1.31,-0.11,202.98,32.0,22.5,1.15,-171.85,-119.16,490.51,476.1,531.64,554.2,2.01,292.7,925.72,299.26,5783.0,54.31,-0.866,0.5,5.609,0.2588,0.9659,11.037,29.131,27.045,13.973,0.0,0.0,0.0,2021,10
2021-10-27,-0.17,-2.79,226.59,35.1,23.3,712.7,-31.4,-22.43,203.51,203.0,852.52,869.72,74.3,294.86,947.76,299.44,5774.0,59.01,-0.866,0.5,3.061,0.3633,0.9317,5.949,15.576,15.728,8.029,0.0,7.673410420765151,2.6890663592449653,2021,10
2022-06-22,0.03,-1.3,204.81,37.8,22.3,323.55,-42.05,-34.12,253.49,252.55,838.98,852.77,16.13,294.19,944.98,299.02,5773.0,59.42,0.0,-1.0,2.0,-0.8,-0.6,3.536,9.534,11.493,4.707,5.294729474944499,2.566019124373452,0.0,2022,6
2022-06-23,1.72,-1.27,179.99,30.7,23.7,133.91,-91.02,-41.41,387.55,383.08,648.26,699.16,354.19,292.74,920.73,299.75,5772.0,52.28,0.0,-1.0,2.617,-0.6878,-0.726,3.342,7.354,9.801,1.334,3.780812213232343,1.0564139092036144,15.235181913771289,2022,6
2022-06-24,0.81,-2.32,226.19,35.7,21.5,977.58,-0.12,0.0,145.28,144.82,943.64,953.7,324.62,295.86,969.41,298.53,5761.0,64.41,0.0,-1.0,7.5,-1.0,-0.0,3.059,8.469,15.652,5.376,25.79922825804598,2.8392632427868225,4.947596427885541,2022,6
2022-06-25,1.39,-1.37,219.2,32.3,22.7,176.52,-47.71,-25.17,239.69,239.43,681.11,854.22,10.86,293.96,944.18,298.84,5775.0,57.98,0.0,-1.0,7.066,-0.8916,-0.4529,6.398,8.486,15.535,4.31,5.73609118013174,2.9085453374958345,4.932153768397531,2022,6
2025-11-12,0.45,-2.33,210.79,33.3,22.3,1281.8,-20.12,-10.61,135.72,135.57,864.86,887.37,45.68,294.99,935.15,300.71,5788.0,55.69,-0.5,0.866,1.315,-0.9886,0.1521,3.421,12.2,13.37,7.845,0.0,1.2780061254932427,5.728339152098336,2025,11
2025-11-13,1.32,-3.0,211.4,21.2,22.5,1604.79,-7.0,-4.39,125.34,125.26,907.12,922.51,143.14,295.45,942.77,300.48,5776.0,55.78,-0.5,0.866,0.361,0.554,-0.831,5.504,10.339,10.118,7.841,6.678190803745839,3.113621594744347,1.080363136699949,2025,11
2025-11-14,1.99,-2.04,207.01,18.7,22.7,1047.39,-32.21,-11.77,137.52,137.22,834.66,873.49,56.35,294.87,940.33,300.11,5788.0,51.09,-0.5,0.866,2.617,0.9935,-0.1146,5.277,8.472,5.869,5.016,3.7316722594277407,3.6987219847477992,3.9056667712201425,2025,11
2025-12-03,6.93,-1.26,83.6,24.3,26.5,60.34,-219.24,-117.66,458.16,454.93,652.17,663.45,8.43,292.71,936.56,298.26,5768.0,39.41,-0.0,1.0,2.683,-0.4473,-0.8945,2.335,6.721,6.316,7.185,0.0,0.0,0.0,2025,12
2025-12-05,1.18,-0.54,189.0,36.0,23.1,107.93,-63.38,-50.74,410.04,366.94,773.17,783.43,20.2,292.62,926.38,299.1,5767.0,58.52,-0.0,1.0,3.027,0.9911,0.1321,2.828,8.766,6.736,2.343,0.0,0.0,0.0,2025,12
2025-12-06,2.08,-0.32,220.8,34.6,22.3,127.99,-47.26,-32.18,229.38,228.92,810.52,828.45,67.0,293.86,949.12,298.29,5768.0,56.47,-0.0,1.0,8.062,0.9923,-0.124,7.218,14.993,10.09,2.202,18.898670776882195,1.6139836164590369,2.7931497042346725,2025,12
2025-12-07,1.92,-1.41,184.99,30.9,24.9,81.3,-96.58,-64.52,458.96,454.99,761.3,783.54,28.76,293.1,930.95,299.16,5770.0,48.66,-0.0,1.0,8.76,0.9475,0.3196,5.661,10.474,9.918,2.059,0.0,12.420208576682231,0.0,2025,12
2025-12-08,4.43,1.42,184.79,19.2,20.3,8.82,-57.4,-44.17,553.6,545.7,842.55,853.68,4.19,292.68,933.61,298.49,5768.0,43.19,-0.0,1.0,7.749,0.9421,0.3355,2.961,15.624,12.886,4.08,0.0,0.0,0.0,2025,12
2025-12-12,0.34,-0.89,201.61,37.6,22.9,181.44,-59.59,-42.69,336.81,318.27,759.74,774.71,31.57,293.69,938.5,299.09,5775.0,58.83,-0.0,1.0,4.95,0.9899,0.1414,4.405,4.245,6.122,3.842,0.5410242339775803,2.365245523726105,15.272031840657478,2025,12
2025-12-13,2.18,-0.87,182.18,33.2,23.9,132.7,-123.67,-69.74,323.47,317.34,710.96,808.24,22.09,293.23,933.43,299.07,5777.0,50.64,-0.0,1.0,7.473,0.9635,-0.2676,4.441,5.346,8.562,4.71,1.1299214953391927,1.8798789026822047,7.61198162756495,2025,12
2025-12-14,2.26,0.32,223.2,25.1,22.5,40.65,-118.52,-80.29,383.31,382.06,720.25,732.96,5.08,292.96,936.12,298.56,5767.0,47.94,-0.0,1.0,10.1,1.0,0.0099,9.0,11.011,16.671,7.531,0.0,0.0,0.0,2025,12
2025-12-15,2.06,-0.48,234.2,30.5,22.9,200.04,-80.21,-57.25,258.38,256.51,771.11,799.28,11.87,293.51,937.32,299.01,5776.0,53.62,-0.0,1.0,12.8,1.0,0.0078,10.867,8.062,14.313,9.244,1.1795128479108874,1.3032673215278454,31.38848981940936,2025,12
2025-12-16,1.27,-1.85,229.4,32.2,23.5,338.34,-63.28,-7.11,177.22,177.12,736.72,889.16,51.95,294.18,945.67,298.93,5782.0,51.38,-0.0,1.0,10.6,1.0,-0.0094,7.72,8.405,8.938,5.873,12.009953587562384,0.0,6.668987293850841,2025,12
2025-12-17,2.35,-0.25,193.41,27.1,23.9,26.35,-168.05,-111.96,436.48,434.93,658.59,699.84,8.76,291.76,912.41,299.51,5778.0,46.3,-0.0,1.0,10.31,0.9893,0.1455,5.657,9.764,10.867,4.176,0.0,0.0,0.0,2025,12
2025-12-18,2.21,-0.21,198.59,32.2,23.3,25.84,-102.14,-76.45,459.74,456.86,758.08,783.94,3.21,292.47,927.7,298.82,5769.0,49.64,-0.0,1.0,9.688,0.9909,0.1342,5.314,8.523,10.05,6.301,12.022970374052653,0.0,4.604638031798159,2025,12
2025-12-19,1.31,0.39,225.79,33.7,21.9,17.01,-69.72,-53.23,425.62,422.63,760.47,786.85,10.08,292.29,920.13,299.35,5779.0,51.38,-0.0,1.0,9.108,0.9442,0.3294,4.314,8.548,13.84,7.433,0.0,0.0,0.0,2025,12
2025-12-21,2.5,-1.22,227.01,8.6,21.1,578.85,-27.49,-15.33,168.76,168.41,874.02,889.76,730.55,295.39,961.5,298.73,5778.0,35.78,-0.0,1.0,7.497,0.9871,0.1601,0.361,5.099,11.901,2.474,0.0,0.0,0.0,2025,12
2025-12-26,2.31,0.25,214.59,30.9,21.1,131.43,-51.15,-38.31,254.69,252.82,836.1,848.35,57.33,293.3,927.54,299.69,5777.0,52.01,-0.0,1.0,10.927,0.8694,0.4942,3.536,11.302,11.202,7.741,0.0,0.0,0.0,2025,12
2026-02-20,4.56,0.24,165.4,15.7,25.5,7.19,-313.41,-195.17,445.98,440.78,595.19,664.8,0.65,291.29,917.96,298.52,5764.0,35.37,0.866,0.5,13.788,0.9138,-0.4062,9.625,6.139,9.548,10.674,0.0,0.0,0.0,2026,2
2026-02-21,3.9,0.19,158.99,18.1,25.1,1.57,-237.27,-130.6,515.96,410.65,605.38,673.71,1.44,292.36,924.98,298.96,5777.0,40.32,0.866,0.5,6.203,0.935,-0.3547,0.721,5.093,6.075,4.653,0.0,4.439662356604281,0.0,2026,2
2026-02-22,2.45,1.7,177.78,20.9,22.5,5.28,-304.29,-202.65,555.98,541.26,588.68,598.01,1.2,290.17,888.26,300.19,5772.0,39.41,0.866,0.5,2.319,-0.9918,0.1294,1.712,3.202,4.83,2.052,6.600950197318582,0.0,15.371256934865178,2026,2
2026-02-23,4.13,-2.6,130.17,22.3,23.7,987.78,-31.0,-9.39,158.83,158.78,834.34,859.0,169.12,294.47,933.64,300.32,5767.0,44.67,0.866,0.5,3.677,-0.7071,0.7071,3.048,8.237,11.815,1.487,1.0965030179547754,4.758732331937528,2.162367996585786,2026,2
2026-02-24,-0.18,-3.72,195.19,32.9,24.3,1118.06,-16.28,-9.79,128.3,128.08,833.12,894.57,201.53,294.8,937.02,300.34,5785.0,47.64,0.866,0.5,4.052,-0.9625,-0.2715,2.062,10.496,12.202,6.207,4.02141114135321,2.919475977474466,13.190483830631107,2026,2
2026-02-25,1.7,-1.08,187.59,20.8,22.5,513.05,-128.01,-44.82,226.79,225.83,652.56,831.8,233.84,293.96,935.69,299.61,5789.0,45.77,0.866,0.5,2.961,0.9794,-0.2026,1.03,10.64,7.739,4.841,0.0,0.0,0.0,2026,2
2026-02-27,-0.07,-2.26,204.18,33.6,23.5,769.31,-22.67,-12.39,193.51,193.22,809.55,822.04,376.21,293.13,911.41,301.02,5773.0,52.28,0.866,0.5,4.808,-0.9567,-0.2912,3.667,13.656,17.923,4.294,18.3659106600552,12.394546344220789,9.248415555434628,2026,2
2026-03-01,2.28,-1.96,187.61,18.3,22.5,1051.92,-9.75,-3.78,149.84,149.77,816.13,922.01,154.15,294.58,933.96,300.4,5779.0,45.3,1.0,0.0,4.588,-0.9372,-0.3487,1.304,16.831,20.534,7.58,12.507010094983405,0.0,0.0,2026,3
2026-03-02,4.95,-0.41,134.39,19.7,23.5,314.61,-110.35,-67.31,190.95,190.27,789.78,808.6,40.59,293.32,926.81,299.77,5781.0,40.21,1.0,0.0,4.08,-0.9559,0.2941,1.253,18.455,22.427,8.628,0.0,0.0,0.0,2026,3
2026-03-03,5.84,-0.6,151.19,18.9,23.3,827.25,-157.53,-57.22,150.85,150.89,690.08,733.38,78.09,294.19,936.65,299.76,5791.0,38.14,1.0,0.0,4.977,-0.9243,0.3818,3.354,12.439,17.413,15.101,0.0,0.0,0.0,2026,3
2026-03-04,4.89,-1.86,144.82,13.5,25.1,426.57,-151.82,-48.42,216.93,216.62,676.19,796.02,48.63,292.95,916.53,300.35,5785.0,35.26,1.0,0.0,4.342,-0.9673,0.2533,3.701,16.194,20.085,12.637,0.0,0.0,0.0,2026,3
2026-03-05,8.73,-0.42,76.58,8.5,24.7,96.81,-11.95,-7.41,252.74,252.58,905.95,906.04,35.74,292.66,919.78,299.75,5782.0,31.45,1.0,0.0,7.511,-0.9985,-0.0533,2.5,6.966,12.908,12.653,0.0,0.0,0.0,2026,3
2026-03-06,6.17,-1.93,117.99,18.5,23.5,444.95,-27.58,-14.59,204.5,204.03,835.48,882.48,54.99,293.77,933.45,299.63,5760.0,34.91,1.0,0.0,1.14,-0.7895,-0.614,0.6,6.736,6.003,2.377,0.0,0.0,0.0,2026,3
2026-03-07,1.47,-1.66,180.19,30.1,25.5,237.52,-148.68,-106.38,454.3,412.64,718.3,773.38,116.16,292.0,915.13,299.51,5751.0,39.49,1.0,0.0,4.754,0.9676,0.2524,2.236,2.832,7.382,13.442,0.0,0.0,0.0,2026,3
2026-03-09,3.43,-2.53,151.2,27.1,26.5,246.15,-123.78,-81.8,263.98,260.91,775.49,795.26,124.73,293.1,929.01,299.34,5769.0,41.44,1.0,0.0,9.22,0.9978,0.0651,1.082,4.522,4.965,13.998,0.0,0.0,0.5841533001138511,2026,3
2026-03-10,2.9,-1.71,160.99,29.9,26.9,117.33,-183.63,-137.68,422.05,418.64,737.89,763.84,20.57,292.38,923.91,299.08,5770.0,43.26,1.0,0.0,8.101,0.9999,0.0123,3.041,1.628,8.57,12.64,12.513812956845278,0.0,0.0,2026,3
2026-03-11,1.1,-0.57,216.61,32.7,24.9,111.94,-173.74,-138.83,451.95,450.47,720.14,731.41,16.46,291.63,910.58,299.56,5770.0,47.76,1.0,0.0,7.217,0.9976,-0.0693,2.625,9.108,15.997,14.287,5.438759768946232,9.135636733443661,4.286464348213543,2026,3
2026-03-13,4.26,0.58,191.6,26.3,23.5,146.02,-116.42,-87.45,316.66,314.34,769.94,781.48,6.78,291.84,911.76,299.66,5754.0,41.34,1.0,0.0,8.659,0.9701,-0.2425,2.912,13.439,21.519,19.981,0.0,0.0,20.12220470963378,2026,3
2026-03-14,3.64,1.68,253.8,28.3,23.9,46.98,-194.64,-149.34,529.38,512.19,678.47,714.84,2.41,291.08,906.99,299.32,5755.0,40.01,1.0,0.0,6.826,0.9962,-0.0879,2.5,21.752,28.577,14.632,0.0,0.0,0.0,2026,3
2026-03-15,2.03,-1.53,168.39,29.3,25.1,113.63,-107.23,-77.85,374.81,350.99,788.75,800.05,4.55,292.05,918.37,299.25,5758.0,45.45,1.0,0.0,8.647,0.9946,-0.1041,1.204,10.756,19.301,15.608,0.6103712639991199,0.0,0.0,2026,3
2026-03-17,1.99,-1.2,177.59,34.8,24.9,204.41,-132.66,-95.7,254.45,253.01,757.42,774.9,9.84,292.4,919.78,299.48,5768.0,44.64,1.0,0.0,5.536,0.9393,-0.3432,0.6,15.787,19.479,10.538,15.50288358847743,0.0,0.0,2026,3
